"Path","SizeBytes","SizeKB","LastWriteTime"
".gitattributes","134","0.13","2026-05-21 17:25:34"
".gitignore","138","0.13","2026-05-21 17:25:34"
"AGENT_CONTEXT.md","14888","14.54","2026-05-06 19:34:41"
"docs/plans/2026-04-29-directory-reorg-phase1.md","3883","3.79","2026-04-29 19:13:32"
"docs/plans/2026-04-29-json-library-maintenance.md","1903","1.86","2026-04-29 19:36:07"
"docs/plans/2026-04-29-json-template-cleanup.md","1752","1.71","2026-04-29 19:28:27"
"docs/plans/2026-04-30-rule-library-validator.md","3768","3.68","2026-04-30 19:13:17"
"docs/参考资料/README.md","549","0.54","2026-04-29 20:24:12"
"docs/参考资料/进展与问题汇总--马冲0408.pptx","359579","351.15","2026-04-08 22:44:54"
"docs/参考资料/课题4规则规模评估-知识规则示例.docx","145764","142.35","2026-04-06 09:27:43"
"docs/规则库自动核验方案.md","3784","3.7","2026-04-30 19:16:02"
"docs/技术报告/2026-05-01_PDF规则提取技术报告_大纲.md","4337","4.24","2026-05-01 17:07:49"
"docs/技术报告/2026-05-01_PDF规则提取技术报告_正文初稿.md","5957","5.82","2026-05-01 17:27:09"
"docs/技术报告/2026-05-01_技术报告资料索引.md","2534","2.47","2026-05-01 17:07:49"
"docs/技术报告/README.md","1303","1.27","2026-05-01 17:07:49"
"json规则库/current/操作规程规则.json","175805","171.68","2026-05-21 17:03:17"
"json规则库/current/流程特征规则.json","43132","42.12","2026-05-06 19:29:34"
"json规则库/current/质量标准规则.json","76301","74.51","2026-05-06 19:29:34"
"json规则库/index.json","825","0.81","2026-05-06 19:29:34"
"json规则库/README.md","2468","2.41","2026-04-29 20:24:12"
"json规则库/规则库_JSON模板_正式版.json","1478","1.44","2026-04-29 19:29:13"
"json规则库/规则库_JSON模板说明.md","3219","3.14","2026-04-29 20:24:12"
"json规则库/规则库_变更记录.md","5127","5.01","2026-05-06 20:49:15"
"json规则库/规则库_当前版.json","294258","287.36","2026-05-06 19:29:34"
"json规则库/历史版本/2026-04-29_v1_初始化模板.json","508","0.5","2026-04-29 19:36:54"
"json规则库/历史版本/2026-04-29_v2_215条规则.json","282564","275.94","2026-04-29 19:42:15"
"json规则库/历史版本/2026-04-29_v3_按大类拆分/current/操作规程规则.json","175805","171.68","2026-04-29 19:49:15"
"json规则库/历史版本/2026-04-29_v3_按大类拆分/current/流程特征规则.json","43132","42.12","2026-04-29 19:49:15"
"json规则库/历史版本/2026-04-29_v3_按大类拆分/current/质量标准规则.json","87635","85.58","2026-04-29 19:49:15"
"json规则库/历史版本/2026-04-29_v3_按大类拆分/index.json","825","0.81","2026-04-29 19:49:15"
"json规则库/历史版本/2026-04-29_v3_按大类拆分/规则库_当前版.json","305592","298.43","2026-04-29 19:49:15"
"json规则库/历史版本/2026-04-30_v4_追溯修正/current/操作规程规则.json","175805","171.68","2026-04-30 17:19:36"
"json规则库/历史版本/2026-04-30_v4_追溯修正/current/流程特征规则.json","43132","42.12","2026-04-30 17:19:36"
"json规则库/历史版本/2026-04-30_v4_追溯修正/current/质量标准规则.json","75285","73.52","2026-04-30 17:19:36"
"json规则库/历史版本/2026-04-30_v4_追溯修正/index.json","825","0.81","2026-04-30 17:19:36"
"json规则库/历史版本/2026-04-30_v4_追溯修正/规则库_当前版.json","293242","286.37","2026-04-30 17:19:36"
"json规则库/历史版本/2026-04-30_v5_命名澄清与源表修正/current/操作规程规则.json","175805","171.68","2026-04-30 18:06:55"
"json规则库/历史版本/2026-04-30_v5_命名澄清与源表修正/current/流程特征规则.json","43132","42.12","2026-04-30 18:06:55"
"json规则库/历史版本/2026-04-30_v5_命名澄清与源表修正/current/质量标准规则.json","76469","74.68","2026-04-30 18:06:55"
"json规则库/历史版本/2026-04-30_v5_命名澄清与源表修正/index.json","825","0.81","2026-04-30 18:06:55"
"json规则库/历史版本/2026-04-30_v5_命名澄清与源表修正/规则库_当前版.json","294426","287.53","2026-04-30 18:06:55"
"json规则库/历史版本/2026-05-06_v6_混合柴油口径拆分与同源复用确认/current/操作规程规则.json","175805","171.68","2026-05-06 19:29:34"
"json规则库/历史版本/2026-05-06_v6_混合柴油口径拆分与同源复用确认/current/流程特征规则.json","43132","42.12","2026-05-06 19:29:34"
"json规则库/历史版本/2026-05-06_v6_混合柴油口径拆分与同源复用确认/current/质量标准规则.json","76301","74.51","2026-05-06 19:29:34"
"json规则库/历史版本/2026-05-06_v6_混合柴油口径拆分与同源复用确认/index.json","825","0.81","2026-05-06 19:29:34"
"json规则库/历史版本/2026-05-06_v6_混合柴油口径拆分与同源复用确认/规则库_当前版.json","294258","287.36","2026-05-06 19:29:34"
"json规则库/历史草稿与参考样例/00_历史草稿勿直接使用.txt","401","0.39","2026-05-06 20:49:15"
"json规则库/历史草稿与参考样例/README.md","1054","1.03","2026-05-06 20:49:15"
"json规则库/历史草稿与参考样例/refinery_knowledge_rules.json","8132","7.94","2026-04-29 18:35:52"
"json规则库/历史草稿与参考样例/规则库.json","1529","1.49","2026-04-29 18:37:13"
"json规则库/历史草稿与参考样例/延长数据_规则库.json","1471","1.44","2026-04-05 14:07:20"
"petrochemical-rule-extraction.zip","58045","56.68","2026-05-18 19:19:52"
"README.md","2099","2.05","2026-05-21 17:25:34"
"scripts/__init__.py","36","0.04","2026-04-29 19:41:58"
"scripts/export_rules_to_json.py","8302","8.11","2026-04-30 20:58:45"
"scripts/repair_workbook_20260430.py","5976","5.84","2026-04-30 20:58:45"
"scripts/validate_rule_library.py","19094","18.65","2026-05-06 19:28:55"
"skill documents/petrochemical-rule-verification/examples/rule_content_filled_example.xlsx","612550","598.19","2026-05-18 20:05:36"
"skill documents/petrochemical-rule-verification/examples/rule_content_mask_example.xlsx","612500","598.14","2026-05-19 23:33:12"
"skill documents/petrochemical-rule-verification/README.md","1171","1.14","2026-05-18 20:06:31"
"skill documents/petrochemical-rule-verification/scripts/build_mask_workbook.py","1632","1.59","2026-05-18 20:07:40"
"skill documents/petrochemical-rule-verification/scripts/common.py","9064","8.85","2026-05-18 20:07:10"
"skill documents/petrochemical-rule-verification/scripts/export_blind_inputs.py","2445","2.39","2026-05-18 20:07:40"
"skill documents/petrochemical-rule-verification/scripts/judge_verification.py","2710","2.65","2026-05-18 20:07:40"
"skill documents/petrochemical-rule-verification/scripts/merge_agent_fills.py","2370","2.31","2026-05-18 20:07:40"
"skill documents/petrochemical-rule-verification/SKILL.md","11087","10.83","2026-05-18 20:06:31"
"提取结果--mc/00_项目总览/当前状态一页纸.md","3049","2.98","2026-05-06 19:30:48"
"提取结果--mc/00_项目总览/汇报附件/README.txt","401","0.39","2026-04-29 19:14:22"
"提取结果--mc/00_项目总览/汇报附件/rule_pipeline_roadmap.png","210747","205.81","2026-05-20 18:38:53"
"提取结果--mc/00_项目总览/汇报附件/rule_verification_demo_flow.png","180168","175.95","2026-05-20 18:38:53"
"提取结果--mc/00_项目总览/汇报附件/rule_verification_skill_demo/01_rule_content_mask.xlsx","604128","589.97","2026-05-20 17:19:34"
"提取结果--mc/00_项目总览/汇报附件/rule_verification_skill_demo/02_agent1_blind_input.xlsx","5903","5.76","2026-05-20 17:19:34"
"提取结果--mc/00_项目总览/汇报附件/rule_verification_skill_demo/03_agent2_blind_input.xlsx","5908","5.77","2026-05-20 17:19:34"
"提取结果--mc/00_项目总览/汇报附件/rule_verification_skill_demo/04_agent1_filled_demo.xlsx","5965","5.83","2026-05-20 17:19:34"
"提取结果--mc/00_项目总览/汇报附件/rule_verification_skill_demo/05_agent2_filled_demo.xlsx","5962","5.82","2026-05-20 17:19:34"
"提取结果--mc/00_项目总览/汇报附件/rule_verification_skill_demo/06_rule_content_filled.xlsx","604177","590.02","2026-05-20 17:19:34"
"提取结果--mc/00_项目总览/汇报附件/rule_verification_skill_demo/07_rule_content_verified.xlsx","604191","590.03","2026-05-20 17:19:35"
"提取结果--mc/00_项目总览/汇报附件/rule_verification_skill_demo/08_verification_report.md","218","0.21","2026-05-20 17:19:35"
"提取结果--mc/00_项目总览/汇报附件/rule_verification_skill_demo/09_demo_clean_data.md","2009","1.96","2026-05-20 19:04:00"
"提取结果--mc/00_项目总览/汇报附件/rule_verification_skill_demo/09_demo_clean_data.xlsx","9155","8.94","2026-05-20 19:03:14"
"提取结果--mc/00_项目总览/汇报附件/rule_verification_skill_demo/make_report_images.py","9576","9.35","2026-05-20 18:38:42"
"提取结果--mc/00_项目总览/汇报附件/rule_verification_skill_demo/prepared_fills/agent1_filled_demo.xlsx","5965","5.83","2026-05-20 17:19:34"
"提取结果--mc/00_项目总览/汇报附件/rule_verification_skill_demo/prepared_fills/agent2_filled_demo.xlsx","5962","5.82","2026-05-20 17:19:34"
"提取结果--mc/00_项目总览/汇报附件/rule_verification_skill_demo/README_现场演示.md","1869","1.83","2026-05-20 18:00:41"
"提取结果--mc/00_项目总览/汇报附件/rule_verification_skill_demo/run_demo.ps1","3362","3.28","2026-05-20 18:01:09"
"提取结果--mc/00_项目总览/汇报附件/最新关键截图清单.txt","546","0.53","2026-04-29 19:17:11"
"提取结果--mc/00_项目总览/汇报附件/最新交付清单.txt","722","0.71","2026-04-29 19:17:11"
"提取结果--mc/00_项目总览/项目维护规范_简版.txt","854","0.83","2026-05-06 20:49:15"
"提取结果--mc/00_项目总览/周报归档/.obsidian/app.json","185","0.18","2026-05-20 20:44:14"
"提取结果--mc/00_项目总览/周报归档/.obsidian/appearance.json","47","0.05","2026-05-20 20:44:14"
"提取结果--mc/00_项目总览/周报归档/.obsidian/core-plugins.json","696","0.68","2026-05-20 20:29:28"
"提取结果--mc/00_项目总览/周报归档/.obsidian/workspace.json","5545","5.42","2026-05-20 21:30:44"
"提取结果--mc/00_项目总览/周报归档/2026-04-30_规则核对半自动化_团队汇报稿.md","2414","2.36","2026-04-30 21:24:15"
"提取结果--mc/00_项目总览/周报归档/2026-05-06_JSON规则库收口周报.md","2064","2.02","2026-05-06 21:02:49"
"提取结果--mc/00_项目总览/周报归档/2026-05-20_规则核验Skill技术总结周报.md","6548","6.39","2026-05-20 21:35:10"
"提取结果--mc/00_项目总览/周报归档/assets/rule_pipeline_roadmap.png","210747","205.81","2026-05-20 18:38:53"
"提取结果--mc/00_项目总览/周报归档/assets/rule_verification_demo_flow.png","180168","175.95","2026-05-20 18:38:53"
"提取结果--mc/00_项目总览/周报归档/rule_verification_skill_demo/01_rule_content_mask.xlsx","604128","589.97","2026-05-20 17:19:34"
"提取结果--mc/00_项目总览/周报归档/rule_verification_skill_demo/02_agent1_blind_input.xlsx","5903","5.76","2026-05-20 17:19:34"
"提取结果--mc/00_项目总览/周报归档/rule_verification_skill_demo/03_agent2_blind_input.xlsx","5908","5.77","2026-05-20 17:19:34"
"提取结果--mc/00_项目总览/周报归档/rule_verification_skill_demo/04_agent1_filled_demo.xlsx","5965","5.83","2026-05-20 17:19:34"
"提取结果--mc/00_项目总览/周报归档/rule_verification_skill_demo/05_agent2_filled_demo.xlsx","5962","5.82","2026-05-20 17:19:34"
"提取结果--mc/00_项目总览/周报归档/rule_verification_skill_demo/06_rule_content_filled.xlsx","604177","590.02","2026-05-20 17:19:34"
"提取结果--mc/00_项目总览/周报归档/rule_verification_skill_demo/07_rule_content_verified.xlsx","604191","590.03","2026-05-20 17:19:35"
"提取结果--mc/00_项目总览/周报归档/rule_verification_skill_demo/08_verification_report.md","218","0.21","2026-05-20 17:19:35"
"提取结果--mc/00_项目总览/周报归档/rule_verification_skill_demo/09_demo_clean_data.md","2009","1.96","2026-05-20 19:04:00"
"提取结果--mc/00_项目总览/周报归档/rule_verification_skill_demo/09_demo_clean_data.xlsx","9155","8.94","2026-05-20 19:03:14"
"提取结果--mc/00_项目总览/周报归档/rule_verification_skill_demo/make_report_images.py","9576","9.35","2026-05-20 18:38:42"
"提取结果--mc/00_项目总览/周报归档/rule_verification_skill_demo/prepared_fills/agent1_filled_demo.xlsx","5965","5.83","2026-05-20 17:19:34"
"提取结果--mc/00_项目总览/周报归档/rule_verification_skill_demo/prepared_fills/agent2_filled_demo.xlsx","5962","5.82","2026-05-20 17:19:34"
"提取结果--mc/00_项目总览/周报归档/rule_verification_skill_demo/README_现场演示.md","1869","1.83","2026-05-20 18:00:41"
"提取结果--mc/00_项目总览/周报归档/rule_verification_skill_demo/run_demo.ps1","3362","3.28","2026-05-20 18:01:09"
"提取结果--mc/00_项目总览/周报归档/周报模板.md","776","0.76","2026-04-30 20:00:07"
"提取结果--mc/01_当前结果/项目状态说明.txt","1093","1.07","2026-05-06 19:31:01"
"提取结果--mc/01_当前结果/终版审计表.xlsx","92073","89.92","2026-05-06 19:28:10"
"提取结果--mc/01_当前结果/终版审计摘要.txt","416","0.41","2026-04-12 20:33:00"
"提取结果--mc/01_当前结果/主总表.xlsx","188363","183.95","2026-05-06 19:27:36"
"提取结果--mc/02_过程追溯/01_原始审计/提取内容逐项审计.xlsx","111906","109.28","2026-05-06 19:28:10"
"提取结果--mc/02_过程追溯/01_原始审计/提取内容逐项审计-摘要.txt","337","0.33","2026-04-12 13:04:56"
"提取结果--mc/02_过程追溯/02_二次收敛/二次收敛结果摘要.txt","436","0.43","2026-04-12 13:25:10"
"提取结果--mc/02_过程追溯/02_二次收敛/二次收敛结果总表.xlsx","42355","41.36","2026-04-12 13:25:10"
"提取结果--mc/02_过程追溯/03_结构样例/结构样例.xlsx","21813","21.3","2026-04-12 13:36:04"
"提取结果--mc/02_过程追溯/03_结构样例/结构样例-含JSON.xlsx","22563","22.03","2026-04-12 13:36:04"
"提取结果--mc/02_过程追溯/03_结构样例/结构样例-含JSON-说明.txt","1744","1.7","2026-04-12 13:36:04"
"提取结果--mc/02_过程追溯/03_结构样例/结构样例-说明.txt","1624","1.59","2026-04-12 13:36:04"
"提取结果--mc/02_过程追溯/04_覆盖检查/小项覆盖情况说明.txt","3142","3.07","2026-04-30 17:19:30"
"提取结果--mc/02_过程追溯/05_规则追溯核对/2026-04-30_规则追溯核对表.xlsx","10693","10.44","2026-04-30 17:20:48"
"提取结果--mc/02_过程追溯/05_规则追溯核对/2026-04-30_规则追溯核对结论.md","3684","3.6","2026-04-30 18:11:12"
"提取结果--mc/02_过程追溯/05_规则追溯核对/2026-04-30_重复规则口径判定结论.md","4122","4.03","2026-04-30 18:10:59"
"提取结果--mc/02_过程追溯/05_规则追溯核对/2026-04-30_重复规则口径判定清单.xlsx","6717","6.56","2026-04-30 17:25:32"
"提取结果--mc/02_过程追溯/05_规则追溯核对/自动核验/2026-04-30_规则库自动核验报告.json","2065","2.02","2026-04-30 19:16:10"
"提取结果--mc/02_过程追溯/05_规则追溯核对/自动核验/2026-04-30_规则库自动核验报告.md","1433","1.4","2026-04-30 19:16:10"
"提取结果--mc/02_过程追溯/05_规则追溯核对/自动核验/2026-05-06_规则库自动核验报告.json","1453","1.42","2026-05-06 19:29:34"
"提取结果--mc/02_过程追溯/05_规则追溯核对/自动核验/2026-05-06_规则库自动核验报告.md","1116","1.09","2026-05-06 19:29:34"
"提取结果--mc/03_人工确认/仅需人工判断清单.xlsx","6440","6.29","2026-04-12 13:25:10"
"提取结果--mc/03_人工确认/需人工确认汇总.xlsx","7883","7.7","2026-04-12 13:04:40"
"提取结果--mc/03_人工确认/需人工确认说明.txt","329","0.32","2026-04-12 13:04:40"
"提取结果--mc/04_截图追溯/01_第五轮复核截图/资料001-第10页.png","402061","392.64","2026-04-12 13:04:15"
"提取结果--mc/04_截图追溯/01_第五轮复核截图/资料001-第12页.png","186804","182.43","2026-04-12 13:04:19"
"提取结果--mc/04_截图追溯/01_第五轮复核截图/资料001-第19页.png","169541","165.57","2026-04-12 13:04:19"
"提取结果--mc/04_截图追溯/01_第五轮复核截图/资料001-第33页.png","311506","304.21","2026-04-12 13:04:14"
"提取结果--mc/04_截图追溯/01_第五轮复核截图/资料001-第54页.png","344186","336.12","2026-04-12 13:04:05"
"提取结果--mc/04_截图追溯/01_第五轮复核截图/资料001-第99页.png","330821","323.07","2026-04-12 13:04:09"
"提取结果--mc/04_截图追溯/01_第五轮复核截图/资料002-第13页.png","215436","210.39","2026-04-12 13:04:06"
"提取结果--mc/04_截图追溯/01_第五轮复核截图/资料002-第154页.png","187615","183.22","2026-04-12 13:04:06"
"提取结果--mc/04_截图追溯/01_第五轮复核截图/资料002-第15页.png","163008","159.19","2026-04-12 13:04:16"
"提取结果--mc/04_截图追溯/01_第五轮复核截图/资料002-第16页.png","210001","205.08","2026-04-12 13:04:14"
"提取结果--mc/04_截图追溯/01_第五轮复核截图/资料002-第172页.png","248410","242.59","2026-04-12 13:04:19"
"提取结果--mc/04_截图追溯/01_第五轮复核截图/资料002-第176页.png","190833","186.36","2026-04-12 13:04:17"
"提取结果--mc/04_截图追溯/01_第五轮复核截图/资料002-第18页.png","206803","201.96","2026-04-12 13:04:15"
"提取结果--mc/04_截图追溯/01_第五轮复核截图/资料002-第19页.png","227796","222.46","2026-04-12 13:04:15"
"提取结果--mc/04_截图追溯/01_第五轮复核截图/资料002-第21页.png","213618","208.61","2026-04-12 13:04:12"
"提取结果--mc/04_截图追溯/01_第五轮复核截图/资料002-第22页.png","211609","206.65","2026-04-12 13:04:12"
"提取结果--mc/04_截图追溯/01_第五轮复核截图/资料002-第239页.png","143567","140.2","2026-04-12 13:04:19"
"提取结果--mc/04_截图追溯/01_第五轮复核截图/资料002-第24页.png","226222","220.92","2026-04-12 13:04:14"
"提取结果--mc/04_截图追溯/01_第五轮复核截图/资料002-第258页.png","226660","221.35","2026-04-12 13:04:16"
"提取结果--mc/04_截图追溯/01_第五轮复核截图/资料002-第25页.png","72853","71.15","2026-04-12 13:04:06"
"提取结果--mc/04_截图追溯/01_第五轮复核截图/资料002-第27页.png","202662","197.91","2026-04-12 13:04:11"
"提取结果--mc/04_截图追溯/01_第五轮复核截图/资料002-第30页.png","152915","149.33","2026-04-12 13:04:17"
"提取结果--mc/04_截图追溯/01_第五轮复核截图/资料002-第36页.png","194209","189.66","2026-04-12 13:04:17"
"提取结果--mc/04_截图追溯/01_第五轮复核截图/资料002-第50页.png","184116","179.8","2026-04-12 13:04:17"
"提取结果--mc/04_截图追溯/01_第五轮复核截图/资料002-第52页.png","196918","192.3","2026-04-12 13:04:18"
"提取结果--mc/04_截图追溯/01_第五轮复核截图/资料002-第53页.png","187080","182.7","2026-04-12 13:04:13"
"提取结果--mc/04_截图追溯/01_第五轮复核截图/资料002-第54页.png","233185","227.72","2026-04-12 13:04:11"
"提取结果--mc/04_截图追溯/01_第五轮复核截图/资料002-第55页.png","206234","201.4","2026-04-12 13:04:11"
"提取结果--mc/04_截图追溯/01_第五轮复核截图/资料002-第56页.png","164265","160.42","2026-04-12 13:04:06"
"提取结果--mc/04_截图追溯/01_第五轮复核截图/资料002-第81页.png","198834","194.17","2026-04-12 13:04:15"
"提取结果--mc/04_截图追溯/01_第五轮复核截图/资料002-第85页.png","210224","205.3","2026-04-12 13:04:15"
"提取结果--mc/04_截图追溯/01_第五轮复核截图/资料003-第23页.png","194557","190","2026-04-12 13:04:18"
"提取结果--mc/04_截图追溯/01_第五轮复核截图/资料003-第24页.png","161471","157.69","2026-04-12 13:04:13"
"提取结果--mc/04_截图追溯/01_第五轮复核截图/资料003-第258页.png","292626","285.77","2026-04-12 13:04:13"
"提取结果--mc/04_截图追溯/01_第五轮复核截图/资料003-第285页.png","300206","293.17","2026-04-12 13:04:02"
"提取结果--mc/04_截图追溯/01_第五轮复核截图/资料003-第286页.png","286492","279.78","2026-04-12 13:04:13"
"提取结果--mc/04_截图追溯/01_第五轮复核截图/资料003-第29页.png","104671","102.22","2026-04-12 13:04:18"
"提取结果--mc/04_截图追溯/01_第五轮复核截图/资料003-第65页.png","242951","237.26","2026-04-12 13:04:12"
"提取结果--mc/04_截图追溯/01_第五轮复核截图/资料003-第71页.png","222375","217.16","2026-04-12 13:04:11"
"提取结果--mc/04_截图追溯/01_第五轮复核截图/资料003-第72页.png","251174","245.29","2026-04-12 13:04:13"
"提取结果--mc/04_截图追溯/01_第五轮复核截图/资料004-第14页.png","112610","109.97","2026-04-12 13:04:18"
"提取结果--mc/04_截图追溯/01_第五轮复核截图/资料004-第22页.png","91912","89.76","2026-04-12 13:04:18"
"提取结果--mc/04_截图追溯/01_第五轮复核截图/资料004-第29页.png","179018","174.82","2026-04-12 13:04:07"
"提取结果--mc/04_截图追溯/01_第五轮复核截图/资料004-第37页.png","192932","188.41","2026-04-12 13:04:12"
"提取结果--mc/04_截图追溯/01_第五轮复核截图/资料004-第38页.png","181668","177.41","2026-04-12 13:04:12"
"提取结果--mc/04_截图追溯/01_第五轮复核截图/资料004-第50页.png","188749","184.33","2026-04-12 13:04:14"
"提取结果--mc/04_截图追溯/01_第五轮复核截图/资料004-第76页.png","179684","175.47","2026-04-12 13:04:10"
"提取结果--mc/04_截图追溯/01_第五轮复核截图/资料004-第8页.png","126215","123.26","2026-04-12 13:04:18"
"提取结果--mc/04_截图追溯/01_第五轮复核截图/资料004-第94页.png","226606","221.29","2026-04-12 13:04:13"
"提取结果--mc/04_截图追溯/01_第五轮复核截图/资料005-第279页.png","213011","208.02","2026-04-12 13:04:06"
"提取结果--mc/04_截图追溯/01_第五轮复核截图/资料005-第35页.png","242661","236.97","2026-04-12 13:04:12"
"提取结果--mc/04_截图追溯/01_第五轮复核截图/资料005-第43页.png","196236","191.64","2026-04-12 13:04:14"
"提取结果--mc/04_截图追溯/01_第五轮复核截图/资料005-第49页.png","181586","177.33","2026-04-12 13:04:14"
"提取结果--mc/04_截图追溯/01_第五轮复核截图/资料005-第52页.png","211887","206.92","2026-04-12 13:04:02"
"提取结果--mc/04_截图追溯/01_第五轮复核截图/资料006-第12页.png","402695","393.26","2026-04-12 13:04:16"
"提取结果--mc/04_截图追溯/01_第五轮复核截图/资料006-第19页.png","199273","194.6","2026-04-12 13:04:15"
"提取结果--mc/04_截图追溯/01_第五轮复核截图/资料006-第73页.png","225382","220.1","2026-04-12 13:04:02"
"提取结果--mc/04_截图追溯/01_第五轮复核截图/资料006-第76页.png","267984","261.7","2026-04-12 13:04:15"
"提取结果--mc/04_截图追溯/01_第五轮复核截图/资料006-第83页.png","289565","282.78","2026-04-12 13:04:15"
"提取结果--mc/04_截图追溯/01_第五轮复核截图/资料007-第123页.png","309063","301.82","2026-04-12 13:04:08"
"提取结果--mc/04_截图追溯/01_第五轮复核截图/资料007-第21页.png","129305","126.27","2026-04-12 13:04:03"
"提取结果--mc/04_截图追溯/01_第五轮复核截图/资料007-第24页.png","141041","137.74","2026-04-12 13:04:19"
"提取结果--mc/04_截图追溯/01_第五轮复核截图/资料007-第27页.png","185261","180.92","2026-04-12 13:04:18"
"提取结果--mc/04_截图追溯/01_第五轮复核截图/资料007-第28页.png","153035","149.45","2026-04-12 13:04:16"
"提取结果--mc/04_截图追溯/01_第五轮复核截图/资料007-第30页.png","138491","135.25","2026-04-12 13:04:16"
"提取结果--mc/04_截图追溯/01_第五轮复核截图/资料007-第371页.png","199653","194.97","2026-04-12 13:04:16"
"提取结果--mc/04_截图追溯/01_第五轮复核截图/资料007-第38页.png","159064","155.34","2026-04-12 13:04:19"
"提取结果--mc/04_截图追溯/01_第五轮复核截图/资料007-第57页.png","253254","247.32","2026-04-12 13:04:03"
"提取结果--mc/04_截图追溯/01_第五轮复核截图/资料008-第111页.png","205788","200.96","2026-04-12 13:04:14"
"提取结果--mc/04_截图追溯/01_第五轮复核截图/资料008-第21页.png","180255","176.03","2026-04-12 13:04:18"
"提取结果--mc/04_截图追溯/01_第五轮复核截图/资料008-第31页.png","175588","171.47","2026-04-12 13:04:03"
"提取结果--mc/04_截图追溯/01_第五轮复核截图/资料008-第34页.png","125545","122.6","2026-04-12 13:04:19"
"提取结果--mc/04_截图追溯/01_第五轮复核截图/资料008-第66页.png","148366","144.89","2026-04-12 13:04:03"
"提取结果--mc/04_截图追溯/01_第五轮复核截图/资料008-第70页.png","207259","202.4","2026-04-12 13:04:04"
"提取结果--mc/04_截图追溯/01_第五轮复核截图/资料008-第71页.png","188777","184.35","2026-04-12 13:04:10"
"提取结果--mc/04_截图追溯/01_第五轮复核截图/资料009-第192页.png","179181","174.98","2026-04-12 13:04:10"
"提取结果--mc/04_截图追溯/01_第五轮复核截图/资料009-第195页.png","219098","213.96","2026-04-12 13:04:12"
"提取结果--mc/04_截图追溯/01_第五轮复核截图/资料009-第32页.png","96291","94.03","2026-04-12 13:04:17"
"提取结果--mc/04_截图追溯/01_第五轮复核截图/资料009-第33页.png","88475","86.4","2026-04-12 13:04:19"
"提取结果--mc/04_截图追溯/01_第五轮复核截图/资料009-第52页.png","162590","158.78","2026-04-12 13:04:14"
"提取结果--mc/04_截图追溯/01_第五轮复核截图/资料009-第54页.png","131593","128.51","2026-04-12 13:04:04"
"提取结果--mc/04_截图追溯/01_第五轮复核截图/资料009-第62页.png","205067","200.26","2026-04-12 13:04:12"
"提取结果--mc/04_截图追溯/01_第五轮复核截图/资料009-第71页.png","164567","160.71","2026-04-12 13:04:04"
"提取结果--mc/04_截图追溯/01_第五轮复核截图/资料010-第172页.png","263551","257.37","2026-04-12 13:04:05"
"提取结果--mc/04_截图追溯/01_第五轮复核截图/资料010-第178页.png","219742","214.59","2026-04-12 13:04:10"
"提取结果--mc/04_截图追溯/01_第五轮复核截图/资料010-第200页.png","256528","250.52","2026-04-12 13:04:05"
"提取结果--mc/04_截图追溯/01_第五轮复核截图/资料010-第214页.png","233922","228.44","2026-04-12 13:04:05"
"提取结果--mc/04_截图追溯/01_第五轮复核截图/资料010-第216页.png","234252","228.76","2026-04-12 13:04:16"
"提取结果--mc/04_截图追溯/01_第五轮复核截图/资料010-第250页.png","205583","200.76","2026-04-12 13:04:05"
"提取结果--mc/04_截图追溯/01_第五轮复核截图/资料010-第31页.png","160001","156.25","2026-04-12 13:04:17"
"提取结果--mc/04_截图追溯/01_第五轮复核截图/资料010-第32页.png","163820","159.98","2026-04-12 13:04:17"
"提取结果--mc/04_截图追溯/01_第五轮复核截图/资料010-第698页.png","155214","151.58","2026-04-12 13:04:17"
"提取结果--mc/04_截图追溯/01_第五轮复核截图/资料010-第85页.png","252829","246.9","2026-04-12 13:04:05"
"提取结果--mc/04_截图追溯/01_第五轮复核截图/资料011-第14页.png","172105","168.07","2026-04-12 13:04:10"
"提取结果--mc/04_截图追溯/01_第五轮复核截图/资料011-第15页.png","226832","221.52","2026-04-12 13:04:20"
"提取结果--mc/04_截图追溯/01_第五轮复核截图/资料011-第16页.png","245952","240.19","2026-04-12 13:04:15"
"提取结果--mc/04_截图追溯/01_第五轮复核截图/资料012-第6页.png","251003","245.12","2026-04-12 13:04:11"
"提取结果--mc/04_截图追溯/01_第五轮复核截图/资料012-第7页.png","213199","208.2","2026-04-12 13:04:08"
"提取结果--mc/04_截图追溯/01_第五轮复核截图/资料013-第4页.png","206841","201.99","2026-04-12 13:04:09"
"提取结果--mc/04_截图追溯/01_第五轮复核截图/资料013-第5页.png","270477","264.14","2026-04-12 13:04:12"
"提取结果--mc/04_截图追溯/01_第五轮复核截图/资料014-第3页.png","264132","257.94","2026-04-12 13:04:09"
"提取结果--mc/04_截图追溯/01_第五轮复核截图/资料014-第5页.png","312674","305.35","2026-04-12 13:04:09"
"提取结果--mc/04_截图追溯/01_第五轮复核截图/资料015-第3页.png","248656","242.83","2026-04-12 13:04:09"
"提取结果--mc/04_截图追溯/01_第五轮复核截图/资料015-第4页.png","269133","262.83","2026-04-12 13:04:09"
"提取结果--mc/04_截图追溯/01_第五轮复核截图/资料015-第5页.png","276917","270.43","2026-04-12 13:04:09"
"提取结果--mc/04_截图追溯/01_第五轮复核截图/资料015-第6页.png","258941","252.87","2026-04-12 13:04:09"
"提取结果--mc/04_截图追溯/01_第五轮复核截图/资料015-第7页.png","270780","264.43","2026-04-12 13:04:09"
"提取结果--mc/04_截图追溯/01_第五轮复核截图/资料016-第3页.png","336902","329.01","2026-04-12 13:04:09"
"提取结果--mc/04_截图追溯/01_第五轮复核截图/资料016-第6页.png","282121","275.51","2026-04-12 13:04:09"
"提取结果--mc/04_截图追溯/01_第五轮复核截图/资料017-第27页.png","185261","180.92","2026-04-12 13:04:18"
"提取结果--mc/04_截图追溯/01_第五轮复核截图/资料017-第29页.png","152519","148.94","2026-04-12 13:04:16"
"提取结果--mc/04_截图追溯/01_第五轮复核截图/资料018-第6页.png","221535","216.34","2026-04-12 13:04:20"
"提取结果--mc/04_截图追溯/01_第五轮复核截图/资料018-第7页.png","226118","220.82","2026-04-12 13:04:17"
"提取结果--mc/04_截图追溯/01_第五轮复核截图/资料019-第14页.png","112610","109.97","2026-04-12 13:04:18"
"提取结果--mc/04_截图追溯/01_第五轮复核截图/资料019-第22页.png","91912","89.76","2026-04-12 13:04:18"
"提取结果--mc/04_截图追溯/01_第五轮复核截图/资料020-第14页.png","112610","109.97","2026-04-12 13:04:18"
"提取结果--mc/04_截图追溯/02_第四轮复核截图/资料001-第10页.png","402061","392.64","2026-04-11 17:15:57"
"提取结果--mc/04_截图追溯/02_第四轮复核截图/资料001-第12页.png","186804","182.43","2026-04-11 17:13:24"
"提取结果--mc/04_截图追溯/02_第四轮复核截图/资料001-第19页.png","169541","165.57","2026-04-11 17:15:58"
"提取结果--mc/04_截图追溯/02_第四轮复核截图/资料001-第33页.png","311506","304.21","2026-04-11 17:13:22"
"提取结果--mc/04_截图追溯/02_第四轮复核截图/资料001-第54页.png","344186","336.12","2026-04-11 17:13:17"
"提取结果--mc/04_截图追溯/02_第四轮复核截图/资料001-第99页.png","330821","323.07","2026-04-11 17:15:57"
"提取结果--mc/04_截图追溯/02_第四轮复核截图/资料002-第154页.png","187615","183.22","2026-04-11 17:13:20"
"提取结果--mc/04_截图追溯/02_第四轮复核截图/资料002-第15页.png","163008","159.19","2026-04-11 17:13:20"
"提取结果--mc/04_截图追溯/02_第四轮复核截图/资料002-第16页.png","210001","205.08","2026-04-11 17:13:17"
"提取结果--mc/04_截图追溯/02_第四轮复核截图/资料002-第172页.png","248410","242.59","2026-04-11 17:13:24"
"提取结果--mc/04_截图追溯/02_第四轮复核截图/资料002-第176页.png","190833","186.36","2026-04-11 17:13:24"
"提取结果--mc/04_截图追溯/02_第四轮复核截图/资料002-第18页.png","206803","201.96","2026-04-11 17:13:20"
"提取结果--mc/04_截图追溯/02_第四轮复核截图/资料002-第19页.png","227796","222.46","2026-04-11 17:13:21"
"提取结果--mc/04_截图追溯/02_第四轮复核截图/资料002-第1页.png","282180","275.57","2026-04-11 17:13:20"
"提取结果--mc/04_截图追溯/02_第四轮复核截图/资料002-第21页.png","213618","208.61","2026-04-11 17:13:20"
"提取结果--mc/04_截图追溯/02_第四轮复核截图/资料002-第22页.png","211609","206.65","2026-04-11 17:13:20"
"提取结果--mc/04_截图追溯/02_第四轮复核截图/资料002-第239页.png","143567","140.2","2026-04-11 17:13:24"
"提取结果--mc/04_截图追溯/02_第四轮复核截图/资料002-第24页.png","226222","220.92","2026-04-11 17:13:20"
"提取结果--mc/04_截图追溯/02_第四轮复核截图/资料002-第258页.png","226660","221.35","2026-04-11 17:13:23"
"提取结果--mc/04_截图追溯/02_第四轮复核截图/资料002-第30页.png","152915","149.33","2026-04-11 17:13:24"
"提取结果--mc/04_截图追溯/02_第四轮复核截图/资料002-第36页.png","194209","189.66","2026-04-11 17:13:24"
"提取结果--mc/04_截图追溯/02_第四轮复核截图/资料002-第50页.png","184116","179.8","2026-04-11 17:13:24"
"提取结果--mc/04_截图追溯/02_第四轮复核截图/资料002-第52页.png","196918","192.3","2026-04-11 17:13:24"
"提取结果--mc/04_截图追溯/02_第四轮复核截图/资料002-第53页.png","187080","182.7","2026-04-11 17:13:22"
"提取结果--mc/04_截图追溯/02_第四轮复核截图/资料002-第54页.png","233185","227.72","2026-04-11 17:13:22"
"提取结果--mc/04_截图追溯/02_第四轮复核截图/资料002-第55页.png","206234","201.4","2026-04-11 17:13:22"
"提取结果--mc/04_截图追溯/02_第四轮复核截图/资料002-第56页.png","164265","160.42","2026-04-11 17:13:20"
"提取结果--mc/04_截图追溯/02_第四轮复核截图/资料002-第69页.png","193165","188.64","2026-04-11 17:13:17"
"提取结果--mc/04_截图追溯/02_第四轮复核截图/资料002-第85页.png","210224","205.3","2026-04-11 17:13:17"
"提取结果--mc/04_截图追溯/02_第四轮复核截图/资料003-第23页.png","194557","190","2026-04-11 17:13:22"
"提取结果--mc/04_截图追溯/02_第四轮复核截图/资料003-第24页.png","161471","157.69","2026-04-11 17:13:20"
"提取结果--mc/04_截图追溯/02_第四轮复核截图/资料003-第256页.png","203733","198.96","2026-04-11 17:13:17"
"提取结果--mc/04_截图追溯/02_第四轮复核截图/资料003-第258页.png","292626","285.77","2026-04-11 17:13:18"
"提取结果--mc/04_截图追溯/02_第四轮复核截图/资料003-第260页.png","226651","221.34","2026-04-11 17:13:18"
"提取结果--mc/04_截图追溯/02_第四轮复核截图/资料003-第29页.png","104671","102.22","2026-04-11 17:13:24"
"提取结果--mc/04_截图追溯/02_第四轮复核截图/资料003-第65页.png","242951","237.26","2026-04-11 17:13:22"
"提取结果--mc/04_截图追溯/02_第四轮复核截图/资料004-第14页.png","112610","109.97","2026-04-11 17:13:23"
"提取结果--mc/04_截图追溯/02_第四轮复核截图/资料004-第22页.png","91912","89.76","2026-04-11 17:13:24"
"提取结果--mc/04_截图追溯/02_第四轮复核截图/资料004-第29页.png","179018","174.82","2026-04-11 17:13:18"
"提取结果--mc/04_截图追溯/02_第四轮复核截图/资料004-第37页.png","192932","188.41","2026-04-11 17:13:22"
"提取结果--mc/04_截图追溯/02_第四轮复核截图/资料004-第38页.png","181668","177.41","2026-04-11 17:13:22"
"提取结果--mc/04_截图追溯/02_第四轮复核截图/资料004-第50页.png","188749","184.33","2026-04-11 17:13:18"
"提取结果--mc/04_截图追溯/02_第四轮复核截图/资料004-第76页.png","179684","175.47","2026-04-11 17:13:18"
"提取结果--mc/04_截图追溯/02_第四轮复核截图/资料004-第8页.png","126215","123.26","2026-04-11 17:13:24"
"提取结果--mc/04_截图追溯/02_第四轮复核截图/资料004-第94页.png","226606","221.29","2026-04-11 17:13:20"
"提取结果--mc/04_截图追溯/02_第四轮复核截图/资料005-第279页.png","213011","208.02","2026-04-11 17:13:20"
"提取结果--mc/04_截图追溯/02_第四轮复核截图/资料005-第34页.png","218256","213.14","2026-04-11 17:13:20"
"提取结果--mc/04_截图追溯/02_第四轮复核截图/资料005-第35页.png","242661","236.97","2026-04-11 17:13:18"
"提取结果--mc/04_截图追溯/02_第四轮复核截图/资料005-第43页.png","196236","191.64","2026-04-11 17:13:22"
"提取结果--mc/04_截图追溯/02_第四轮复核截图/资料005-第49页.png","181586","177.33","2026-04-11 17:13:18"
"提取结果--mc/04_截图追溯/02_第四轮复核截图/资料005-第52页.png","211887","206.92","2026-04-11 17:13:18"
"提取结果--mc/04_截图追溯/02_第四轮复核截图/资料006-第12页.png","402695","393.26","2026-04-11 17:13:23"
"提取结果--mc/04_截图追溯/02_第四轮复核截图/资料006-第19页.png","199273","194.6","2026-04-11 17:15:57"
"提取结果--mc/04_截图追溯/02_第四轮复核截图/资料006-第54页.png","166010","162.12","2026-04-11 17:13:23"
"提取结果--mc/04_截图追溯/02_第四轮复核截图/资料006-第73页.png","225382","220.1","2026-04-11 17:13:18"
"提取结果--mc/04_截图追溯/02_第四轮复核截图/资料006-第76页.png","267984","261.7","2026-04-11 17:13:22"
"提取结果--mc/04_截图追溯/02_第四轮复核截图/资料006-第83页.png","289565","282.78","2026-04-11 17:13:21"
"提取结果--mc/04_截图追溯/02_第四轮复核截图/资料007-第123页.png","309063","301.82","2026-04-11 17:13:20"
"提取结果--mc/04_截图追溯/02_第四轮复核截图/资料007-第17页.png","329345","321.63","2026-04-11 17:13:23"
"提取结果--mc/04_截图追溯/02_第四轮复核截图/资料007-第21页.png","129305","126.27","2026-04-11 17:13:18"
"提取结果--mc/04_截图追溯/02_第四轮复核截图/资料007-第24页.png","141041","137.74","2026-04-11 17:15:57"
"提取结果--mc/04_截图追溯/02_第四轮复核截图/资料007-第27页.png","185261","180.92","2026-04-11 17:13:24"
"提取结果--mc/04_截图追溯/02_第四轮复核截图/资料007-第28页.png","153035","149.45","2026-04-11 17:13:23"
"提取结果--mc/04_截图追溯/02_第四轮复核截图/资料007-第30页.png","138491","135.25","2026-04-11 17:13:23"
"提取结果--mc/04_截图追溯/02_第四轮复核截图/资料007-第38页.png","159064","155.34","2026-04-11 17:15:57"
"提取结果--mc/04_截图追溯/02_第四轮复核截图/资料007-第57页.png","253254","247.32","2026-04-11 17:13:18"
"提取结果--mc/04_截图追溯/02_第四轮复核截图/资料008-第21页.png","180255","176.03","2026-04-11 17:13:24"
"提取结果--mc/04_截图追溯/02_第四轮复核截图/资料008-第34页.png","125545","122.6","2026-04-11 17:13:24"
"提取结果--mc/04_截图追溯/02_第四轮复核截图/资料008-第66页.png","148366","144.89","2026-04-11 17:13:18"
"提取结果--mc/04_截图追溯/02_第四轮复核截图/资料008-第67页.png","118351","115.58","2026-04-11 17:13:19"
"提取结果--mc/04_截图追溯/02_第四轮复核截图/资料008-第68页.png","133513","130.38","2026-04-11 17:13:19"
"提取结果--mc/04_截图追溯/02_第四轮复核截图/资料008-第69页.png","130066","127.02","2026-04-11 17:13:19"
"提取结果--mc/04_截图追溯/02_第四轮复核截图/资料008-第70页.png","207259","202.4","2026-04-11 17:13:19"
"提取结果--mc/04_截图追溯/02_第四轮复核截图/资料008-第71页.png","188777","184.35","2026-04-11 17:13:21"
"提取结果--mc/04_截图追溯/02_第四轮复核截图/资料009-第192页.png","179181","174.98","2026-04-11 17:13:21"
"提取结果--mc/04_截图追溯/02_第四轮复核截图/资料009-第195页.png","219098","213.96","2026-04-11 17:13:22"
"提取结果--mc/04_截图追溯/02_第四轮复核截图/资料009-第32页.png","96291","94.03","2026-04-11 17:13:23"
"提取结果--mc/04_截图追溯/02_第四轮复核截图/资料009-第33页.png","88475","86.4","2026-04-11 17:15:58"
"提取结果--mc/04_截图追溯/02_第四轮复核截图/资料009-第52页.png","162590","158.78","2026-04-11 17:13:22"
"提取结果--mc/04_截图追溯/02_第四轮复核截图/资料009-第54页.png","131593","128.51","2026-04-11 17:13:19"
"提取结果--mc/04_截图追溯/02_第四轮复核截图/资料009-第62页.png","205067","200.26","2026-04-11 17:13:22"
"提取结果--mc/04_截图追溯/02_第四轮复核截图/资料009-第71页.png","164567","160.71","2026-04-11 17:13:19"
"提取结果--mc/04_截图追溯/02_第四轮复核截图/资料010-第172页.png","263551","257.37","2026-04-11 17:13:19"
"提取结果--mc/04_截图追溯/02_第四轮复核截图/资料010-第178页.png","219742","214.59","2026-04-11 17:13:20"
"提取结果--mc/04_截图追溯/02_第四轮复核截图/资料010-第200页.png","256528","250.52","2026-04-11 17:13:19"
"提取结果--mc/04_截图追溯/02_第四轮复核截图/资料010-第214页.png","233922","228.44","2026-04-11 17:13:19"
"提取结果--mc/04_截图追溯/02_第四轮复核截图/资料010-第216页.png","234252","228.76","2026-04-11 17:13:23"
"提取结果--mc/04_截图追溯/02_第四轮复核截图/资料010-第31页.png","160001","156.25","2026-04-11 17:13:23"
"提取结果--mc/04_截图追溯/02_第四轮复核截图/资料010-第32页.png","163820","159.98","2026-04-11 17:13:23"
"提取结果--mc/04_截图追溯/02_第四轮复核截图/资料010-第61页.png","265957","259.72","2026-04-11 17:13:19"
"提取结果--mc/04_截图追溯/02_第四轮复核截图/资料010-第698页.png","155214","151.58","2026-04-11 17:13:23"
"提取结果--mc/04_截图追溯/02_第四轮复核截图/资料010-第84页.png","263491","257.32","2026-04-11 17:13:19"
"提取结果--mc/04_截图追溯/02_第四轮复核截图/资料011-第14页.png","172105","168.07","2026-04-11 17:13:20"
"提取结果--mc/04_截图追溯/02_第四轮复核截图/资料011-第15页.png","226832","221.52","2026-04-11 17:13:22"
"提取结果--mc/04_截图追溯/02_第四轮复核截图/资料011-第16页.png","245952","240.19","2026-04-11 17:13:23"
"提取结果--mc/04_截图追溯/02_第四轮复核截图/资料012-第6页.png","251003","245.12","2026-04-11 17:13:22"
"提取结果--mc/04_截图追溯/02_第四轮复核截图/资料012-第7页.png","213199","208.2","2026-04-11 17:13:20"
"提取结果--mc/04_截图追溯/02_第四轮复核截图/资料013-第4页.png","206841","201.99","2026-04-11 17:13:21"
"提取结果--mc/04_截图追溯/02_第四轮复核截图/资料013-第5页.png","270477","264.14","2026-04-11 17:13:22"
"提取结果--mc/04_截图追溯/02_第四轮复核截图/资料014-第3页.png","264132","257.94","2026-04-11 17:13:21"
"提取结果--mc/04_截图追溯/02_第四轮复核截图/资料014-第5页.png","312674","305.35","2026-04-11 17:13:21"
"提取结果--mc/04_截图追溯/02_第四轮复核截图/资料015-第3页.png","248656","242.83","2026-04-11 17:13:21"
"提取结果--mc/04_截图追溯/02_第四轮复核截图/资料015-第4页.png","269133","262.83","2026-04-11 17:13:21"
"提取结果--mc/04_截图追溯/02_第四轮复核截图/资料015-第5页.png","276917","270.43","2026-04-11 17:13:21"
"提取结果--mc/04_截图追溯/02_第四轮复核截图/资料015-第6页.png","258941","252.87","2026-04-11 17:13:21"
"提取结果--mc/04_截图追溯/02_第四轮复核截图/资料015-第7页.png","270780","264.43","2026-04-11 17:13:21"
"提取结果--mc/04_截图追溯/02_第四轮复核截图/资料016-第3页.png","336902","329.01","2026-04-11 17:13:21"
"提取结果--mc/04_截图追溯/02_第四轮复核截图/资料016-第6页.png","282121","275.51","2026-04-11 17:13:21"
"提取结果--mc/04_截图追溯/02_第四轮复核截图/资料018-第6页.png","221535","216.34","2026-04-11 17:15:58"
"提取结果--mc/04_截图追溯/02_第四轮复核截图/资料018-第7页.png","226118","220.82","2026-04-11 17:13:23"
"提取结果--mc/04_截图追溯/03_汇总引用截图/资料001-第12页.png","293339","286.46","2026-04-08 16:29:33"
"提取结果--mc/04_截图追溯/03_汇总引用截图/资料001-第31页.png","240506","234.87","2026-04-08 17:26:04"
"提取结果--mc/04_截图追溯/03_汇总引用截图/资料002-第176页.png","244402","238.67","2026-04-08 16:29:33"
"提取结果--mc/04_截图追溯/03_汇总引用截图/资料002-第182页.png","148438","144.96","2026-04-08 16:29:33"
"提取结果--mc/04_截图追溯/03_汇总引用截图/资料002-第22页.png","254012","248.06","2026-04-08 16:29:33"
"提取结果--mc/04_截图追溯/03_汇总引用截图/资料002-第33页.png","164338","160.49","2026-04-08 16:29:33"
"提取结果--mc/04_截图追溯/03_汇总引用截图/资料003-第20页.png","174400","170.31","2026-04-08 16:29:33"
"提取结果--mc/04_截图追溯/03_汇总引用截图/资料003-第24页.png","161166","157.39","2026-04-08 16:29:33"
"提取结果--mc/04_截图追溯/03_汇总引用截图/资料003-第38页.png","180836","176.6","2026-04-08 16:29:33"
"提取结果--mc/04_截图追溯/03_汇总引用截图/资料004-第243页.png","141806","138.48","2026-04-08 16:29:33"
"提取结果--mc/04_截图追溯/03_汇总引用截图/资料004-第31页.png","186231","181.87","2026-04-08 16:29:33"
"提取结果--mc/04_截图追溯/03_汇总引用截图/资料004-第34页.png","143786","140.42","2026-04-08 16:29:33"
"提取结果--mc/04_截图追溯/03_汇总引用截图/资料005-第195页.png","241285","235.63","2026-04-08 16:29:33"
"提取结果--mc/04_截图追溯/03_汇总引用截图/资料005-第200页.png","157279","153.59","2026-04-08 16:29:33"
"提取结果--mc/04_截图追溯/03_汇总引用截图/资料005-第30页.png","111624","109.01","2026-04-08 16:29:33"
"提取结果--mc/04_截图追溯/03_汇总引用截图/资料005-第32页.png","110429","107.84","2026-04-08 16:29:33"
"提取结果--mc/04_截图追溯/03_汇总引用截图/资料005-第33页.png","102052","99.66","2026-04-08 16:29:33"
"提取结果--mc/04_截图追溯/03_汇总引用截图/资料006-第403页.png","260487","254.38","2026-04-08 16:29:33"
"提取结果--mc/04_截图追溯/03_汇总引用截图/资料006-第696页.png","160148","156.39","2026-04-08 16:29:33"
"提取结果--mc/04_截图追溯/03_汇总引用截图/资料007-第30页.png","173003","168.95","2026-04-08 16:29:34"
"提取结果--mc/04_截图追溯/03_汇总引用截图/资料007-第34页.png","197409","192.78","2026-04-08 16:29:34"
"提取结果--mc/04_截图追溯/03_汇总引用截图/资料007-第81页.png","219888","214.73","2026-04-08 16:29:34"
"提取结果--mc/04_截图追溯/03_汇总引用截图/资料007-第84页.png","219815","214.66","2026-04-08 16:29:34"
"提取结果--mc/04_截图追溯/03_汇总引用截图/资料008-第17页.png","199045","194.38","2026-04-08 16:29:34"
"提取结果--mc/04_截图追溯/03_汇总引用截图/资料008-第20页.png","171949","167.92","2026-04-08 16:29:34"
"提取结果--mc/04_截图追溯/03_汇总引用截图/资料008-第24页.png","178549","174.36","2026-04-08 16:29:34"
"提取结果--mc/04_截图追溯/03_汇总引用截图/资料008-第29页.png","115889","113.17","2026-04-08 16:29:34"
"提取结果--mc/04_截图追溯/03_汇总引用截图/资料008-第50页.png","279192","272.65","2026-04-08 17:26:04"
"提取结果--mc/04_截图追溯/03_汇总引用截图/资料008-第76页.png","318269","310.81","2026-04-08 16:29:34"
"提取结果--mc/04_截图追溯/03_汇总引用截图/资料008-第82页.png","199754","195.07","2026-04-08 16:29:34"
"提取结果--mc/04_截图追溯/03_汇总引用截图/资料008-第85页.png","240638","235","2026-04-08 17:26:04"
"提取结果--mc/04_截图追溯/03_汇总引用截图/资料008-第96页.png","343169","335.13","2026-04-08 17:26:04"
"提取结果--mc/04_截图追溯/03_汇总引用截图/资料008-第97页.png","317657","310.21","2026-04-08 17:26:04"
"提取结果--mc/04_截图追溯/03_汇总引用截图/资料009-第6页.png","253007","247.08","2026-04-08 16:29:34"
"提取结果--mc/04_截图追溯/03_汇总引用截图/资料009-第7页.png","256562","250.55","2026-04-08 16:29:34"
"提取结果--mc/04_截图追溯/03_汇总引用截图/资料009-第9页.png","284727","278.05","2026-04-08 16:29:34"
"提取结果--mc/04_截图追溯/03_汇总引用截图/资料010-第10页.png","523263","511","2026-04-08 16:45:33"
"提取结果--mc/04_截图追溯/03_汇总引用截图/资料010-第11页.png","171813","167.79","2026-04-08 16:45:33"
"提取结果--mc/04_截图追溯/03_汇总引用截图/资料010-第18页.png","237322","231.76","2026-04-08 16:45:33"
"提取结果--mc/04_截图追溯/03_汇总引用截图/资料010-第19页.png","221170","215.99","2026-04-08 16:45:33"
"提取结果--mc/04_截图追溯/03_汇总引用截图/资料010-第33页.png","408256","398.69","2026-04-08 17:26:04"
"提取结果--mc/04_截图追溯/03_汇总引用截图/资料010-第63页.png","458878","448.12","2026-04-08 17:26:04"
"提取结果--mc/04_截图追溯/03_汇总引用截图/资料010-第99页.png","429708","419.64","2026-04-08 17:26:04"
"提取结果--mc/04_截图追溯/03_汇总引用截图/资料011-第10页.png","218250","213.13","2026-04-08 16:45:33"
"提取结果--mc/04_截图追溯/03_汇总引用截图/资料011-第15页.png","295307","288.39","2026-04-08 16:45:33"
"提取结果--mc/04_截图追溯/03_汇总引用截图/资料011-第16页.png","320126","312.62","2026-04-08 16:45:33"
"提取结果--mc/04_截图追溯/03_汇总引用截图/资料011-第9页.png","271717","265.35","2026-04-08 16:45:33"
"提取结果--mc/04_截图追溯/03_汇总引用截图/资料012-第13页.png","311587","304.28","2026-04-08 16:45:33"
"提取结果--mc/04_截图追溯/03_汇总引用截图/资料012-第14页.png","181592","177.34","2026-04-08 16:45:33"
"提取结果--mc/04_截图追溯/03_汇总引用截图/资料012-第153页.png","390554","381.4","2026-04-08 17:26:04"
"提取结果--mc/04_截图追溯/03_汇总引用截图/资料012-第19页.png","252769","246.84","2026-04-08 17:26:04"
"提取结果--mc/04_截图追溯/03_汇总引用截图/资料012-第21页.png","357535","349.16","2026-04-08 16:45:34"
"提取结果--mc/04_截图追溯/03_汇总引用截图/资料012-第22页.png","369712","361.05","2026-04-08 16:45:34"
"提取结果--mc/99_交付快照/2026-04-22_第五轮终版/二次收敛结果摘要.txt","436","0.43","2026-04-12 13:25:10"
"提取结果--mc/99_交付快照/2026-04-22_第五轮终版/二次收敛结果总表.xlsx","42355","41.36","2026-04-12 13:25:10"
"提取结果--mc/99_交付快照/2026-04-22_第五轮终版/仅需人工判断清单.xlsx","6440","6.29","2026-04-12 13:25:10"
"提取结果--mc/99_交付快照/2026-04-22_第五轮终版/提取内容逐项审计-终版.xlsx","93318","91.13","2026-04-12 20:33:00"
"提取结果--mc/99_交付快照/2026-04-22_第五轮终版/提取内容逐项审计-终版摘要.txt","416","0.41","2026-04-12 20:33:00"
"提取结果--mc/99_交付快照/2026-04-22_第五轮终版/提取总表-第五轮PDF逐页复核版.xlsx","131462","128.38","2026-04-15 21:10:41"
"提取结果--mc/99_交付快照/2026-04-22_第五轮终版/提取总表-第五轮PDF逐页复核版-结构样例.xlsx","21813","21.3","2026-04-12 13:36:04"
"提取结果--mc/99_交付快照/2026-04-22_第五轮终版/提取总表-第五轮PDF逐页复核版-结构样例-含JSON格式.xlsx","22563","22.03","2026-04-12 13:36:04"
"提取结果--mc/99_交付快照/2026-04-22_第五轮终版/提取总表-第五轮PDF逐页复核版-结构样例-含JSON格式-说明.txt","1744","1.7","2026-04-12 13:36:04"
"提取结果--mc/99_交付快照/2026-04-22_第五轮终版/提取总表-第五轮PDF逐页复核版-结构样例-说明.txt","1624","1.59","2026-04-12 13:36:04"
"提取结果--mc/99_交付快照/2026-04-22_第五轮终版/项目状态说明.txt","1214","1.19","2026-04-12 20:33:00"
"提取结果--mc/99_交付快照/2026-04-22_第五轮终版/小项覆盖情况说明.txt","3142","3.07","2026-04-12 13:04:20"
"提取结果--mc/99_交付快照/2026-04-22_第五轮终版/需人工确认说明.txt","329","0.32","2026-04-12 13:04:40"
"提取结果--mc/新目录入口说明.txt","1400","1.37","2026-05-06 20:49:15"
"延长数据/README.md","738","0.72","2026-04-29 20:38:42"
"延长数据/报表/工艺流程图/生产装置工艺流程图-202505.xlsx","35943","35.1","2026-01-07 17:37:30"
"延长数据/报表/工艺流程图/生产装置工艺流程图-202509.xlsx","35982","35.14","2026-01-07 17:21:54"
"延长数据/报表/工艺流程图/延安炼油厂装置工艺流程图-202512.xlsx","22500","21.97","2026-01-07 16:12:34"
"延长数据/报表/工艺流程图/延安石油化工厂工艺流程图统计月报-202502.xlsx","27037","26.4","2026-01-07 17:19:00"
"延长数据/报表/工艺流程图/延安石油化工厂工艺流程图统计月报-202508.xlsx","27046","26.41","2026-01-07 17:18:44"
"延长数据/报表/工艺流程图/延安石油化工厂工艺流程图统计月报-202512 (1).xlsx","27013","26.38","2026-01-07 17:36:02"
"延长数据/报表/工艺流程图/延安石油化工厂工艺流程图统计月报-202512.xlsx","27013","26.38","2026-01-07 16:41:02"
"延长数据/报表/工艺流程图/榆林炼油厂装置生产流程表-202512.xlsx","42680","41.68","2026-01-07 16:30:28"
"延长数据/报表/生产情况表/炼化公司计划跟踪表-20260106.xlsx","35387","34.56","2026-01-07 17:29:58"
"延长数据/报表/生产情况表/炼化公司生产信息简表-20260106.xlsx","25039","24.45","2026-01-07 17:16:40"
"延长数据/报表/生产情况表/炼化公司生产信息早八点简表-20260106.xlsx","26637","26.01","2026-01-07 17:16:34"
"延长数据/报表/生产情况表/全年生产任务情况统计-20260106 (3).xlsx","19515","19.06","2026-01-07 17:30:56"
"延长数据/报表/生产情况表/全年生产任务情况统计-20260106.xlsx","35706","34.87","2026-01-07 17:30:10"
"延长数据/报表/生产情况表/全年生产任务完成情况统计-20260106.xlsx","24439","23.87","2026-01-07 17:30:34"
"延长数据/报表/生产情况表/生产计划指标完成情况表-202512.xlsx","24232","23.66","2026-01-07 17:21:28"
"延长数据/报表/生产情况表/石化厂-全年生产任务完成情况统计-20251230.xlsx","24928","24.34","2026-01-07 16:49:32"
"延长数据/报表/生产情况表/延安炼油厂-全年生产任务情况统计-20251231.xlsx","35286","34.46","2026-01-07 16:48:36"
"延长数据/报表/生产情况表/延安炼油厂全年生产任务情况统计-20260106.xlsx","35707","34.87","2026-01-07 16:14:58"
"延长数据/报表/生产情况表/延安炼油厂装置生产完成情况表（二）-202512.xlsx","19554","19.1","2026-01-07 16:27:34"
"延长数据/报表/生产情况表/延安炼油厂装置生产完成情况表（三）-202512.xlsx","19262","18.81","2026-01-07 16:27:52"
"延长数据/报表/生产情况表/延安炼油厂装置生产完成情况表（四）-202512.xlsx","18423","17.99","2026-01-07 16:28:08"
"延长数据/报表/生产情况表/延安炼油厂装置生产完成情况表（五）-202512.xlsx","16927","16.53","2026-01-07 16:28:36"
"延长数据/报表/生产情况表/延安炼油厂装置生产完成情况表（一）-202512.xlsx","19271","18.82","2026-01-07 16:26:38"
"延长数据/报表/生产情况表/延安石油化工厂装置生产完成情况（3-1）-202512.xlsx","18965","18.52","2026-01-07 16:40:10"
"延长数据/报表/生产情况表/延安石油化工厂装置生产完成情况（3-2）-202512.xlsx","21704","21.2","2026-01-07 16:40:20"
"延长数据/报表/生产情况表/延安石油化工厂装置生产完成情况（3-3）-202512.xlsx","21801","21.29","2026-01-07 16:40:34"
"延长数据/报表/生产情况表/延安石油化工厂装置生产完成情况（3-4）-202512.xlsx","17915","17.5","2026-01-07 16:40:48"
"延长数据/报表/生产情况表/延安石油化工厂装置运转情况表-202512.xlsx","20278","19.8","2026-01-07 17:19:56"
"延长数据/报表/生产情况表/永炼全年生产任务情况统计-20260106.xlsx","31645","30.9","2026-01-07 17:30:20"
"延长数据/报表/生产情况表/榆炼全年生产任务情况统计-20260106.xlsx","25044","24.46","2026-01-07 17:30:26"
"延长数据/报表/生产情况表/榆林炼油厂-全年生产任务情况统计-20251231.xlsx","25336","24.74","2026-01-07 16:47:32"
"延长数据/报表/生产日报月报台账/调运月报-202512.xlsx","28201","27.54","2026-01-07 17:34:14"
"延长数据/报表/生产日报月报台账/炼化公司调运信息简表-20260106.xlsx","24714","24.13","2026-01-07 17:16:48"
"延长数据/报表/生产日报月报台账/炼化公司上报调度日报表-20260106.xlsx","18908","18.46","2026-01-07 17:34:34"
"延长数据/报表/生产日报月报台账/炼化公司生产日报表（上报集团））-20260106.xlsx","143720","140.35","2026-01-07 17:17:04"
"延长数据/报表/生产日报月报台账/炼化公司生产月报1-202511.xlsx","235120","229.61","2026-01-07 16:16:28"
"延长数据/报表/生产日报月报台账/石化生产调度工艺台账(物料平衡)-20260106.xlsx","75498","73.73","2026-01-07 17:16:18"
"延长数据/报表/生产日报月报台账/物料动态台账-20260106.xlsx","25609","25.01","2026-01-07 17:37:04"
"延长数据/报表/生产日报月报台账/延安炼油厂调运月报表-202512.xlsx","18194","17.77","2026-01-07 17:33:20"
"延长数据/报表/生产日报月报台账/延安石油化工厂调运月报-202501.xlsx","17621","17.21","2026-01-07 17:19:34"
"延长数据/报表/生产日报月报台账/延安石油化工厂调运月报-202512.xlsx","17875","17.46","2026-01-07 17:19:26"
"延长数据/报表/生产日报月报台账/延安石油化工厂生产调度罐量日动态表-20260107.xlsx","30639","29.92","2026-01-07 16:59:02"
"延长数据/报表/生产日报月报台账/延安石油化工厂生产调度台账-20251230.xlsx","32285","31.53","2026-01-07 17:35:40"
"延长数据/报表/生产日报月报台账/延安石油化工厂生产调度台账-20260106 (1).xlsx","32255","31.5","2026-01-07 17:18:00"
"延长数据/报表/生产日报月报台账/延安石油化工厂生产调度台账-20260106.xlsx","32255","31.5","2026-01-07 16:57:48"
"延长数据/报表/生产日报月报台账/延炼生产调度台账-20260106.xlsx","38936","38.02","2026-01-07 16:06:46"
"延长数据/报表/生产日报月报台账/延炼油品动态-20260107.xlsx","41225","40.26","2026-01-07 16:36:42"
"延长数据/报表/生产日报月报台账/永炼调度工艺台账-20260106.xlsx","50141","48.97","2026-01-07 17:16:04"
"延长数据/报表/生产日报月报台账/永炼生产调度台账-20260106.xlsx","30294","29.58","2026-01-07 17:34:02"
"延长数据/报表/生产日报月报台账/油田气化工科技公司生产日报表-20260106.xlsx","22611","22.08","2026-01-07 17:21:00"
"延长数据/报表/生产日报月报台账/榆炼调运月报表-202512.xlsx","26345","25.73","2026-01-07 17:34:48"
"延长数据/报表/生产日报月报台账/榆炼全厂能耗日报表-20260106.xlsx","42985","41.98","2026-01-07 17:03:28"
"延长数据/报表/生产日报月报台账/榆炼全厂能耗月报表-202512.xlsx","40499","39.55","2026-01-07 16:38:50"
"延长数据/报表/生产日报月报台账/榆炼生产调度台账-20260106.xlsx","30592","29.88","2026-01-07 16:32:34"
"延长数据/报表/收拨平衡表/半成品收拨平衡（本年累计）-202512.xlsx","22312","21.79","2026-01-07 17:35:16"
"延长数据/报表/收拨平衡表/半成品收拨平衡表（本年累计）-202512.xlsx","25670","25.07","2026-01-07 17:33:36"
"延长数据/报表/收拨平衡表/半成品收拨平衡月报表（本年累计）-202512.xlsx","16709","16.32","2026-01-07 17:36:32"
"延长数据/报表/收拨平衡表/原料、半成品收拨平衡月报表(本年累计）-202512.xlsx","20280","19.8","2026-01-07 17:36:50"
"延长数据/报表/收拨平衡表/原料、产品收拨平衡表（本年累计）-202512.xlsx","19512","19.05","2026-01-07 17:33:48"
"延长数据/报表/收拨平衡表/原料产品半成品收拨平衡（本年累计）-202512.xlsx","25523","24.92","2026-01-07 17:35:04"
"延长数据/报表/收拨平衡表/原料产品收拨平衡月报表-202505.xlsx","29826","29.13","2026-01-07 17:22:22"
"延长数据/报表/收拨平衡表/原料产品收拨平衡月报表累计-202512.xlsx","25724","25.12","2026-01-07 17:37:46"
"延长数据/报表/原材料、燃料、库存表/每周一炼化公司库存-20260105.xlsx","15897","15.52","2026-01-07 17:17:18"
"延长数据/报表/原材料、燃料、库存表/石化产品库存信息-20260105.xlsx","11495","11.23","2026-01-07 17:18:22"
"延长数据/报表/原材料、燃料、库存表/油田气日上传能耗监测数据表-20260106.xlsx","13067","12.76","2026-01-07 17:21:14"
"延长数据/报表/原材料、燃料、库存表/油田气原材料、库存、价格表-202505.xlsx","17760","17.34","2026-01-07 17:22:34"
"延长数据/报表/原材料、燃料、库存表/榆炼油品库存动态表-20260106.xlsx","37741","36.86","2026-01-07 16:57:00"
"延长数据/报表/原材料、燃料、库存表/榆炼原材料、燃料、动力购进、库存及价格表-202512.xlsx","34885","34.07","2026-01-07 16:37:18"
"延长数据/报表/原材料、燃料、库存表/原材料、燃料、动力购进、库存及价格-202512.xlsx","20775","20.29","2026-01-07 16:41:54"
"延长数据/操作规程/ocr_test.png","399337","389.98","2026-04-11 16:59:27"
"延长数据/操作规程/延炼-300万吨常压蒸馏装置操作规程.pdf","10100925","9864.18","2026-01-08 11:07:10"
"延长数据/操作规程/延炼-300万吨常压蒸馏装置工艺卡片.pdf","1100924","1075.12","2026-01-08 11:08:32"
"延长数据/操作规程/延炼-航煤加氢装置操作规程.pdf","3181703","3107.13","2026-01-08 11:18:44"
"延长数据/操作规程/延炼-航煤加氢装置工艺卡片1.pdf","459762","448.99","2026-01-08 11:19:46"
"延长数据/操作规程/延炼-航煤加氢装置工艺卡片2.pdf","1519301","1483.69","2026-01-08 11:17:44"
"延长数据/操作规程/延石化-连续重整装置和苯抽取装置操作规程.pdf","5192592","5070.89","2026-01-08 11:29:06"
"延长数据/操作规程/延石化-连续重整装置和苯抽取装置工艺卡片.pdf","31070895","30342.67","2026-01-08 11:25:50"
"延长数据/操作规程/永炼-（航煤）3号喷气燃料分析检验质量控制和质量保证技术规范.pdf","635162","620.28","2026-01-08 11:16:28"
"延长数据/操作规程/永炼-210万吨常压蒸馏装置操作规程.pdf","4010377","3916.38","2026-01-08 11:14:40"
"延长数据/操作规程/永炼-柴油加氢装置（生产航煤）操作规程.pdf","8449063","8251.04","2026-01-08 11:44:06"
"延长数据/操作规程/永炼-常压蒸馏装置生产航煤原料操作规程.pdf","1853852","1810.4","2026-01-08 11:13:12"
"延长数据/操作规程/永炼-航煤装置生产工艺卡片.pdf","526147","513.82","2026-01-08 11:33:16"
"延长数据/操作规程/油品调和车间操作规程.pdf","8185852","7994","2026-01-07 17:12:24"
"延长数据/操作规程/油气储运车间操作规程.pdf","9279487","9062","2026-01-07 17:12:42"
"延长数据/操作规程/榆炼-220万吨常压装置操作规程.pdf","24074703","23510.45","2026-01-08 11:11:20"
"延长数据/操作规程/榆炼-220万吨常压装置工艺卡片1.pdf","1434457","1400.84","2026-01-08 11:09:42"
"延长数据/操作规程/榆炼-220万吨常压装置工艺卡片2.pdf","1680097","1640.72","2026-01-08 11:12:10"
"延长数据/操作规程/榆炼-30万吨航煤加氢装置操作规程.pdf","17888200","17468.95","2026-01-08 11:20:42"
"延长数据/操作规程/榆炼-连续重整和苯抽取联合装置操作规程.pdf","14272408","13937.9","2026-01-08 11:28:20"
"延长数据/操作规程/榆炼-连续重整和苯抽取联合装置工艺卡片.pdf","3852142","3761.86","2026-01-08 11:26:52"
"延长数据/集团公司生产调度管理规定（终）.doc","83968","82","2026-01-07 17:11:30"
"延长数据/计划管理办法.aip","545837","533.04","2026-01-07 17:11:38"
"延长数据/截图/MES系统截图.jpg","366483","357.89","2026-01-07 15:29:36"
"延长数据/截图/MES页面首页.jpg","331756","323.98","2026-01-07 15:44:34"
"延长数据/截图/炼化公司综合.jpg","386183","377.13","2026-01-07 15:47:48"
"延长数据/截图/能源相关图/延炼电力系统.png","465552","454.64","2026-01-28 16:04:42"
"延长数据/截图/能源相关图/延炼高压瓦斯管网.png","162812","159","2026-01-28 16:05:10"
"延长数据/截图/能源相关图/延炼天然气管网.png","124039","121.13","2026-01-28 16:07:06"
"延长数据/截图/能源相关图/延炼蒸汽管网.png","286626","279.91","2026-01-28 16:07:54"
"延长数据/截图/物料关联图/标注-延炼物料关联图2.jpg","2932924","2864.18","2026-02-02 21:10:20"
"延长数据/截图/物料关联图/炼化公司物料移动监控.jpg","343710","335.65","2026-01-07 15:23:40"
"延长数据/截图/物料关联图/石化厂物料关联图.jpg","465105","454.2","2026-01-07 16:00:40"
"延长数据/截图/物料关联图/延炼全装置物料关联.png","390002","380.86","2026-01-28 15:59:42"
"延长数据/截图/物料关联图/延炼全装置物料关联图2.png.jpg","351310","343.08","2026-01-07 15:28:12"
"延长数据/截图/物料关联图/延炼全装置物料关联图2.png.xml","2867","2.8","2026-03-11 16:03:08"
"延长数据/截图/物料关联图/延炼全装置物料关联图2_enhanced.png","953590","931.24","2026-02-03 20:07:06"
"延长数据/截图/物料关联图/永炼物料关联图.jpg","320966","313.44","2026-01-07 15:31:24"
"延长数据/截图/物料关联图/榆炼物料关联图.jpg","225719","220.43","2026-01-07 15:59:22"
"延长数据/截图/装置流程图/延炼100万吨催化装置流程图.png","673198","657.42","2026-01-28 15:57:26"
"延长数据/截图/装置流程图/延炼200万吨催化装置流程图.png","680035","664.1","2026-01-28 15:58:26"
"延长数据/截图/装置流程图/延炼260万吨常压装置流程图.png","481038","469.76","2026-01-08 09:40:24"
"延长数据/截图/装置流程图/延炼300万吨常压装置流程图.png","672378","656.62","2026-01-28 15:58:54"
"延长数据/截图/装置流程图/延炼联合1车间260万常压.png","690082","673.91","2026-01-28 16:05:46"
"延长数据/截图/装置流程图/延炼联合2车间300万常压.png","513972","501.93","2026-01-28 16:06:14"
"延长数据/截图/装置流程图/永炼120万催化装置.png","260364","254.26","2026-01-08 10:50:00"
"延长数据/截图/装置流程图/永炼140万柴油加氢装置.png","259527","253.44","2026-01-08 10:51:56"
"延长数据/截图/装置流程图/永炼15万吨重整装置.png","191424","186.94","2026-01-08 10:52:42"
"延长数据/截图/装置流程图/永炼210万吨常压蒸馏装置.png","243314","237.61","2026-01-08 10:48:12"
"延长数据/截图/装置流程图/永炼250万吨常压蒸馏装置.png","275914","269.45","2026-01-08 10:48:56"
"延长数据/截图/装置流程图/永炼90万汽油精制装置.png","309940","302.68","2026-01-08 10:53:06"
"延长数据/截图/装置流程图/榆炼100万吨连续重整工艺流程图.png","354866","346.55","2026-01-28 16:09:42"
"延长数据/截图/装置流程图/榆炼联合1车间500万吨常压.png","511173","499.19","2026-01-28 16:08:24"
"延长数据/截图/装置流程图/榆炼一车间500万吨1.png","538413","525.79","2026-01-28 16:08:52"
"延长数据/截图/装置流程图/榆炼一车间500万吨2.png","281106","274.52","2026-01-28 16:09:16"
"延长数据/截图/装置流程图/榆林炼油联合三车间重整1.png","444312","433.9","2026-01-28 16:10:16"
"延长数据/截图/装置流程图/榆林炼油联合三车间重整2.png","471562","460.51","2026-01-28 16:10:46"
"延长数据/截图/装置流程图/榆林炼油联合三车间重整3.png","542602","529.88","2026-01-28 16:11:16"
"延长数据/截图/装置流程图/榆林炼油联合一车间30万吨航煤精制1.png","417251","407.47","2026-01-28 16:11:42"
"延长数据/截图/装置流程图/榆林炼油联合一车间30万吨航煤精制2.png","286203","279.5","2026-01-28 16:12:10"
"延长数据/统计管理制度（试行）2016.2.22(1).aip","270336","264","2026-01-07 17:11:26"
"延长数据/延安炼油厂工艺流程图.png","164899","161.03","2026-02-05 20:25:02"
"延长数据/延长石油集团生产调度中心首问（首接）工作管理办法（试行）.doc.pdf","550597","537.69","2026-01-07 17:11:20"
"延长数据/应急预案/延安石油化工厂厂际管线险情应急预案.pdf","742601","725.2","2026-01-07 17:10:52"
"延长数据/应急预案/延安石油化工厂成品高库存风险分级管控预案.pdf","206971","202.12","2026-01-07 17:11:02"
"延长数据/应急预案/延安石油化工厂防冻防凝工作方案.pdf","284125","277.47","2026-01-07 17:10:36"
"延长数据/应急预案/延安石油化工厂非计划停工专项督导检查表.xls","28160","27.5","2026-01-07 17:10:44"
"延长数据/应急预案/延安石油化工厂极端天气生产应急预案.pdf","414561","404.84","2026-01-07 17:10:08"
"延长数据/应急预案/延安石油化工厂生产装置非计划停工专项治理方案.pdf","372700","363.96","2026-01-07 17:10:46"
"延长数据/应急预案/延安石油化工厂夏季雷雨天气停电应急预案.pdf","761269","743.43","2026-01-07 17:10:58"
"延长数据/应急预案/延安石油化工厂装置防冻防凝清单.xlsx","22776","22.24","2026-01-07 17:10:38"
