result,sampleDotCode,sampleTime,resultName,deviceName,unitName
99.8,ST040023,2025-05-05 08:00:00,研究法辛烷值(RON),延化120万吨/年催化重整装置,
1.78,ST040023,2025-05-07 08:00:00,环烷烃含量,延化120万吨/年催化重整装置,<p>%</p>
820.6,ST040023,2025-05-07 08:00:00,密度,延化120万吨/年催化重整装置,<p>kg/m<sup>3</sup></p>
0.88,ST040023,2025-05-07 08:00:00,烯烃含量,延化120万吨/年催化重整装置,<p>%</p>
13.80,ST040023,2025-05-07 08:00:00,异构烷烃,延化120万吨/年催化重整装置,<p>%</p>
5.47,ST040023,2025-05-07 08:00:00,正构烷烃,延化120万吨/年催化重整装置,<p>%</p>
102.9,ST040023,2025-05-07 08:00:00,模拟法辛烷值,延化120万吨/年催化重整装置,
0.23,ST040023,2025-05-07 08:00:00,苯含量,延化120万吨/年催化重整装置,<p>%</p>
77.87,ST040023,2025-05-07 08:00:00,芳烃含量,延化120万吨/年催化重整装置,<p>%</p>
21.05,ST040023,2025-05-07 08:00:00,烷烃含量,延化120万吨/年催化重整装置,<p>%</p>
1.59,ST040023,2025-05-10 08:00:00,环烷烃含量,延化120万吨/年催化重整装置,<p>%</p>
830.6,ST040023,2025-05-10 08:00:00,密度,延化120万吨/年催化重整装置,<p>kg/m<sup>3</sup></p>
4.28,ST040023,2025-05-10 08:00:00,正构烷烃,延化120万吨/年催化重整装置,<p>%</p>
11.48,ST040023,2025-05-10 08:00:00,异构烷烃,延化120万吨/年催化重整装置,<p>%</p>
17.35,ST040023,2025-05-10 08:00:00,烷烃含量,延化120万吨/年催化重整装置,<p>%</p>
0.69,ST040023,2025-05-10 08:00:00,烯烃含量,延化120万吨/年催化重整装置,<p>%</p>
81.51,ST040023,2025-05-10 08:00:00,芳烃含量,延化120万吨/年催化重整装置,<p>%</p>
0.82,ST040023,2025-05-10 08:00:00,苯含量,延化120万吨/年催化重整装置,<p>%</p>
99.6,ST040023,2025-05-12 08:00:00,研究法辛烷值(RON),延化120万吨/年催化重整装置,
0.33,ST040023,2025-05-14 08:00:00,苯含量,延化120万吨/年催化重整装置,<p>%</p>
103.4,ST040023,2025-05-14 08:00:00,模拟法辛烷值,延化120万吨/年催化重整装置,
1.73,ST040023,2025-05-14 08:00:00,环烷烃含量,延化120万吨/年催化重整装置,<p>%</p>
0.81,ST040023,2025-05-14 08:00:00,烯烃含量,延化120万吨/年催化重整装置,<p>%</p>
18.72,ST040023,2025-05-14 08:00:00,烷烃含量,延化120万吨/年催化重整装置,<p>%</p>
12.00,ST040023,2025-05-14 08:00:00,异构烷烃,延化120万吨/年催化重整装置,<p>%</p>
4.99,ST040023,2025-05-14 08:00:00,正构烷烃,延化120万吨/年催化重整装置,<p>%</p>
80.21,ST040023,2025-05-14 08:00:00,芳烃含量,延化120万吨/年催化重整装置,<p>%</p>
826.3,ST040023,2025-05-14 08:00:00,密度,延化120万吨/年催化重整装置,<p>kg/m<sup>3</sup></p>
0.23,ST040023,2025-05-21 08:00:00,苯含量,延化120万吨/年催化重整装置,<p>%</p>
80.24,ST040023,2025-05-21 08:00:00,芳烃含量,延化120万吨/年催化重整装置,<p>%</p>
1.66,ST040023,2025-05-21 08:00:00,环烷烃含量,延化120万吨/年催化重整装置,<p>%</p>
0.80,ST040023,2025-05-21 08:00:00,烯烃含量,延化120万吨/年催化重整装置,<p>%</p>
18.65,ST040023,2025-05-21 08:00:00,烷烃含量,延化120万吨/年催化重整装置,<p>%</p>
12.04,ST040023,2025-05-21 08:00:00,异构烷烃,延化120万吨/年催化重整装置,<p>%</p>
4.95,ST040023,2025-05-21 08:00:00,正构烷烃,延化120万吨/年催化重整装置,<p>%</p>
822.8,ST040023,2025-05-21 08:00:00,密度,延化120万吨/年催化重整装置,<p>kg/m<sup>3</sup></p>
103.7,ST040023,2025-05-21 08:00:00,模拟法辛烷值,延化120万吨/年催化重整装置,
99.8,ST040023,2025-05-26 08:00:00,研究法辛烷值(RON),延化120万吨/年催化重整装置,
0.21,ST040023,2025-05-28 08:00:00,苯含量,延化120万吨/年催化重整装置,<p>%</p>
101.7,ST040023,2025-05-28 08:00:00,模拟法辛烷值,延化120万吨/年催化重整装置,
78.76,ST040023,2025-05-28 08:00:00,芳烃含量,延化120万吨/年催化重整装置,<p>%</p>
1.67,ST040023,2025-05-28 08:00:00,环烷烃含量,延化120万吨/年催化重整装置,<p>%</p>
0.84,ST040023,2025-05-28 08:00:00,烯烃含量,延化120万吨/年催化重整装置,<p>%</p>
20.36,ST040023,2025-05-28 08:00:00,烷烃含量,延化120万吨/年催化重整装置,<p>%</p>
13.24,ST040023,2025-05-28 08:00:00,异构烷烃,延化120万吨/年催化重整装置,<p>%</p>
5.45,ST040023,2025-05-28 08:00:00,正构烷烃,延化120万吨/年催化重整装置,<p>%</p>
820.2,ST040023,2025-05-28 08:00:00,密度,延化120万吨/年催化重整装置,<p>kg/m<sup>3</sup></p>
5.20,ST040023,2025-06-04 08:00:00,正构烷烃,延化120万吨/年催化重整装置,<p>%</p>
12.68,ST040023,2025-06-04 08:00:00,异构烷烃,延化120万吨/年催化重整装置,<p>%</p>
823.0,ST040023,2025-06-04 08:00:00,密度,延化120万吨/年催化重整装置,<p>kg/m<sup>3</sup></p>
0.18,ST040023,2025-06-04 08:00:00,苯含量,延化120万吨/年催化重整装置,<p>%</p>
103.3,ST040023,2025-06-04 08:00:00,模拟法辛烷值,延化120万吨/年催化重整装置,
79.38,ST040023,2025-06-04 08:00:00,芳烃含量,延化120万吨/年催化重整装置,<p>%</p>
1.67,ST040023,2025-06-04 08:00:00,环烷烃含量,延化120万吨/年催化重整装置,<p>%</p>
0.79,ST040023,2025-06-04 08:00:00,烯烃含量,延化120万吨/年催化重整装置,<p>%</p>
19.55,ST040023,2025-06-04 08:00:00,烷烃含量,延化120万吨/年催化重整装置,<p>%</p>
822.7,ST040023,2025-06-11 08:00:00,密度,延化120万吨/年催化重整装置,<p>kg/m<sup>3</sup></p>
5.36,ST040023,2025-06-11 08:00:00,正构烷烃,延化120万吨/年催化重整装置,<p>%</p>
79.12,ST040023,2025-06-11 08:00:00,芳烃含量,延化120万吨/年催化重整装置,<p>%</p>
0.18,ST040023,2025-06-11 08:00:00,苯含量,延化120万吨/年催化重整装置,<p>%</p>
102,ST040023,2025-06-11 08:00:00,模拟法辛烷值,延化120万吨/年催化重整装置,
1.66,ST040023,2025-06-11 08:00:00,环烷烃含量,延化120万吨/年催化重整装置,<p>%</p>
0.80,ST040023,2025-06-11 08:00:00,烯烃含量,延化120万吨/年催化重整装置,<p>%</p>
20.02,ST040023,2025-06-11 08:00:00,烷烃含量,延化120万吨/年催化重整装置,<p>%</p>
13.00,ST040023,2025-06-11 08:00:00,异构烷烃,延化120万吨/年催化重整装置,<p>%</p>
99.8,ST040023,2025-06-16 08:00:00,研究法辛烷值(RON),延化120万吨/年催化重整装置,
1.49,ST040023,2025-06-18 08:00:00,环烷烃含量,延化120万吨/年催化重整装置,<p>%</p>
824.9,ST040023,2025-06-18 08:00:00,密度,延化120万吨/年催化重整装置,<p>kg/m<sup>3</sup></p>
0.17,ST040023,2025-06-18 08:00:00,苯含量,延化120万吨/年催化重整装置,<p>%</p>
104.1,ST040023,2025-06-18 08:00:00,模拟法辛烷值,延化120万吨/年催化重整装置,
80.49,ST040023,2025-06-18 08:00:00,芳烃含量,延化120万吨/年催化重整装置,<p>%</p>
0.73,ST040023,2025-06-18 08:00:00,烯烃含量,延化120万吨/年催化重整装置,<p>%</p>
18.52,ST040023,2025-06-18 08:00:00,烷烃含量,延化120万吨/年催化重整装置,<p>%</p>
12.18,ST040023,2025-06-18 08:00:00,异构烷烃,延化120万吨/年催化重整装置,<p>%</p>
4.85,ST040023,2025-06-18 08:00:00,正构烷烃,延化120万吨/年催化重整装置,<p>%</p>
100.0,ST040023,2025-06-23 08:00:00,研究法辛烷值(RON),延化120万吨/年催化重整装置,
102.2,ST040023,2025-06-25 08:00:00,模拟法辛烷值,延化120万吨/年催化重整装置,
79.20,ST040023,2025-06-25 08:00:00,芳烃含量,延化120万吨/年催化重整装置,<p>%</p>
822.7,ST040023,2025-06-25 08:00:00,密度,延化120万吨/年催化重整装置,<p>kg/m<sup>3</sup></p>
0.85,ST040023,2025-06-25 08:00:00,烯烃含量,延化120万吨/年催化重整装置,<p>%</p>
19.88,ST040023,2025-06-25 08:00:00,烷烃含量,延化120万吨/年催化重整装置,<p>%</p>
13.04,ST040023,2025-06-25 08:00:00,异构烷烃,延化120万吨/年催化重整装置,<p>%</p>
5.25,ST040023,2025-06-25 08:00:00,正构烷烃,延化120万吨/年催化重整装置,<p>%</p>
0.17,ST040023,2025-06-25 08:00:00,苯含量,延化120万吨/年催化重整装置,<p>%</p>
1.59,ST040023,2025-06-25 08:00:00,环烷烃含量,延化120万吨/年催化重整装置,<p>%</p>
19.05,ST040023,2025-07-02 08:00:00,烷烃含量,延化120万吨/年催化重整装置,<p>%</p>
12.43,ST040023,2025-07-02 08:00:00,异构烷烃,延化120万吨/年催化重整装置,<p>%</p>
5.07,ST040023,2025-07-02 08:00:00,正构烷烃,延化120万吨/年催化重整装置,<p>%</p>
0.83,ST040023,2025-07-02 08:00:00,烯烃含量,延化120万吨/年催化重整装置,<p>%</p>
823.6,ST040023,2025-07-02 08:00:00,密度,延化120万吨/年催化重整装置,<p>kg/m<sup>3</sup></p>
79.91,ST040023,2025-07-02 08:00:00,芳烃含量,延化120万吨/年催化重整装置,<p>%</p>
103.9,ST040023,2025-07-02 08:00:00,模拟法辛烷值,延化120万吨/年催化重整装置,
0.17,ST040023,2025-07-02 08:00:00,苯含量,延化120万吨/年催化重整装置,<p>%</p>
1.55,ST040023,2025-07-02 08:00:00,环烷烃含量,延化120万吨/年催化重整装置,<p>%</p>
822.1,ST040023,2025-07-09 08:00:00,密度,延化120万吨/年催化重整装置,<p>kg/m<sup>3</sup></p>
5.17,ST040023,2025-07-09 08:00:00,正构烷烃,延化120万吨/年催化重整装置,<p>%</p>
12.72,ST040023,2025-07-09 08:00:00,异构烷烃,延化120万吨/年催化重整装置,<p>%</p>
19.52,ST040023,2025-07-09 08:00:00,烷烃含量,延化120万吨/年催化重整装置,<p>%</p>
0.78,ST040023,2025-07-09 08:00:00,烯烃含量,延化120万吨/年催化重整装置,<p>%</p>
1.63,ST040023,2025-07-09 08:00:00,环烷烃含量,延化120万吨/年催化重整装置,<p>%</p>
79.50,ST040023,2025-07-09 08:00:00,芳烃含量,延化120万吨/年催化重整装置,<p>%</p>
103.0,ST040023,2025-07-09 08:00:00,模拟法辛烷值,延化120万吨/年催化重整装置,
0.17,ST040023,2025-07-09 08:00:00,苯含量,延化120万吨/年催化重整装置,<p>%</p>
100.0,ST040023,2025-07-14 08:00:00,研究法辛烷值(RON),延化120万吨/年催化重整装置,
0.72,ST040023,2025-07-16 08:00:00,烯烃含量,延化120万吨/年催化重整装置,<p>%</p>
18.48,ST040023,2025-07-16 08:00:00,烷烃含量,延化120万吨/年催化重整装置,<p>%</p>
12.18,ST040023,2025-07-16 08:00:00,异构烷烃,延化120万吨/年催化重整装置,<p>%</p>
4.89,ST040023,2025-07-16 08:00:00,正构烷烃,延化120万吨/年催化重整装置,<p>%</p>
1.41,ST040023,2025-07-16 08:00:00,环烷烃含量,延化120万吨/年催化重整装置,<p>%</p>
824.1,ST040023,2025-07-16 08:00:00,密度,延化120万吨/年催化重整装置,<p>kg/m<sup>3</sup></p>
0.17,ST040023,2025-07-16 08:00:00,苯含量,延化120万吨/年催化重整装置,<p>%</p>
104.2,ST040023,2025-07-16 08:00:00,模拟法辛烷值,延化120万吨/年催化重整装置,
80.61,ST040023,2025-07-16 08:00:00,芳烃含量,延化120万吨/年催化重整装置,<p>%</p>
100.0,ST040023,2025-07-21 08:00:00,研究法辛烷值(RON),延化120万吨/年催化重整装置,
4.23,ST040023,2025-07-23 08:00:00,正构烷烃,延化120万吨/年催化重整装置,<p>%</p>
10.05,ST040023,2025-07-23 08:00:00,异构烷烃,延化120万吨/年催化重整装置,<p>%</p>
15.37,ST040023,2025-07-23 08:00:00,烷烃含量,延化120万吨/年催化重整装置,<p>%</p>
1.13,ST040023,2025-07-23 08:00:00,烯烃含量,延化120万吨/年催化重整装置,<p>%</p>
83.45,ST040023,2025-07-23 08:00:00,芳烃含量,延化120万吨/年催化重整装置,<p>%</p>
103.3,ST040023,2025-07-23 08:00:00,模拟法辛烷值,延化120万吨/年催化重整装置,
0.19,ST040023,2025-07-23 08:00:00,苯含量,延化120万吨/年催化重整装置,<p>%</p>
1.09,ST040023,2025-07-23 08:00:00,环烷烃含量,延化120万吨/年催化重整装置,<p>%</p>
832.0,ST040023,2025-07-23 08:00:00,密度,延化120万吨/年催化重整装置,<p>kg/m<sup>3</sup></p>
99.8,ST040023,2025-07-28 08:00:00,研究法辛烷值(RON),延化120万吨/年催化重整装置,
12.12,ST040023,2025-07-30 08:00:00,异构烷烃,延化120万吨/年催化重整装置,<p>%</p>
18.32,ST040023,2025-07-30 08:00:00,烷烃含量,延化120万吨/年催化重整装置,<p>%</p>
826.0,ST040023,2025-07-30 08:00:00,密度,延化120万吨/年催化重整装置,<p>kg/m<sup>3</sup></p>
0.18,ST040023,2025-07-30 08:00:00,苯含量,延化120万吨/年催化重整装置,<p>%</p>
103.8,ST040023,2025-07-30 08:00:00,模拟法辛烷值,延化120万吨/年催化重整装置,
80.61,ST040023,2025-07-30 08:00:00,芳烃含量,延化120万吨/年催化重整装置,<p>%</p>
1.43,ST040023,2025-07-30 08:00:00,环烷烃含量,延化120万吨/年催化重整装置,<p>%</p>
4.77,ST040023,2025-07-30 08:00:00,正构烷烃,延化120万吨/年催化重整装置,<p>%</p>
0.73,ST040023,2025-07-30 08:00:00,烯烃含量,延化120万吨/年催化重整装置,<p>%</p>
100.0,ST040023,2025-08-04 08:00:00,研究法辛烷值(RON),延化120万吨/年催化重整装置,
0.18,ST040023,2025-08-06 08:00:00,苯含量,延化120万吨/年催化重整装置,<p>%</p>
103.6,ST040023,2025-08-06 08:00:00,模拟法辛烷值,延化120万吨/年催化重整装置,
80.47,ST040023,2025-08-06 08:00:00,芳烃含量,延化120万吨/年催化重整装置,<p>%</p>
1.44,ST040023,2025-08-06 08:00:00,环烷烃含量,延化120万吨/年催化重整装置,<p>%</p>
4.82,ST040023,2025-08-06 08:00:00,正构烷烃,延化120万吨/年催化重整装置,<p>%</p>
18.53,ST040023,2025-08-06 08:00:00,烷烃含量,延化120万吨/年催化重整装置,<p>%</p>
12.27,ST040023,2025-08-06 08:00:00,异构烷烃,延化120万吨/年催化重整装置,<p>%</p>
825.1,ST040023,2025-08-06 08:00:00,密度,延化120万吨/年催化重整装置,<p>kg/m<sup>3</sup></p>
0.72,ST040023,2025-08-06 08:00:00,烯烃含量,延化120万吨/年催化重整装置,<p>%</p>
100.0,ST040023,2025-08-11 08:00:00,研究法辛烷值(RON),延化120万吨/年催化重整装置,
102.5,ST040023,2025-08-13 08:00:00,模拟法辛烷值,延化120万吨/年催化重整装置,
78.72,ST040023,2025-08-13 08:00:00,芳烃含量,延化120万吨/年催化重整装置,<p>%</p>
1.56,ST040023,2025-08-13 08:00:00,环烷烃含量,延化120万吨/年催化重整装置,<p>%</p>
5.39,ST040023,2025-08-13 08:00:00,正构烷烃,延化120万吨/年催化重整装置,<p>%</p>
13.56,ST040023,2025-08-13 08:00:00,异构烷烃,延化120万吨/年催化重整装置,<p>%</p>
20.51,ST040023,2025-08-13 08:00:00,烷烃含量,延化120万吨/年催化重整装置,<p>%</p>
0.18,ST040023,2025-08-13 08:00:00,苯含量,延化120万吨/年催化重整装置,<p>%</p>
822.3,ST040023,2025-08-13 08:00:00,密度,延化120万吨/年催化重整装置,<p>kg/m<sup>3</sup></p>
0.80,ST040023,2025-08-13 08:00:00,烯烃含量,延化120万吨/年催化重整装置,<p>%</p>
99.8,ST040023,2025-08-18 08:00:00,研究法辛烷值(RON),延化120万吨/年催化重整装置,
0.20,ST040023,2025-08-20 08:00:00,苯含量,延化120万吨/年催化重整装置,<p>%</p>
101.1,ST040023,2025-08-20 08:00:00,模拟法辛烷值,延化120万吨/年催化重整装置,
77.83,ST040023,2025-08-20 08:00:00,芳烃含量,延化120万吨/年催化重整装置,<p>%</p>
1.69,ST040023,2025-08-20 08:00:00,环烷烃含量,延化120万吨/年催化重整装置,<p>%</p>
0.79,ST040023,2025-08-20 08:00:00,烯烃含量,延化120万吨/年催化重整装置,<p>%</p>
21.37,ST040023,2025-08-20 08:00:00,烷烃含量,延化120万吨/年催化重整装置,<p>%</p>
14.19,ST040023,2025-08-20 08:00:00,异构烷烃,延化120万吨/年催化重整装置,<p>%</p>
5.49,ST040023,2025-08-20 08:00:00,正构烷烃,延化120万吨/年催化重整装置,<p>%</p>
820.3,ST040023,2025-08-20 08:00:00,密度,延化120万吨/年催化重整装置,<p>kg/m<sup>3</sup></p>
99.8,ST040023,2025-08-25 08:00:00,研究法辛烷值(RON),延化120万吨/年催化重整装置,
1.66,ST040023,2025-08-27 08:00:00,环烷烃含量,延化120万吨/年催化重整装置,<p>%</p>
79.21,ST040023,2025-08-27 08:00:00,芳烃含量,延化120万吨/年催化重整装置,<p>%</p>
101.5,ST040023,2025-08-27 08:00:00,模拟法辛烷值,延化120万吨/年催化重整装置,
13.04,ST040023,2025-08-27 08:00:00,异构烷烃,延化120万吨/年催化重整装置,<p>%</p>
5.29,ST040023,2025-08-27 08:00:00,正构烷烃,延化120万吨/年催化重整装置,<p>%</p>
819.6,ST040023,2025-08-27 08:00:00,密度,延化120万吨/年催化重整装置,<p>kg/m<sup>3</sup></p>
19.99,ST040023,2025-08-27 08:00:00,烷烃含量,延化120万吨/年催化重整装置,<p>%</p>
0.77,ST040023,2025-08-27 08:00:00,烯烃含量,延化120万吨/年催化重整装置,<p>%</p>
0.19,ST040023,2025-08-27 08:00:00,苯含量,延化120万吨/年催化重整装置,<p>%</p>
819.0,ST040023,2025-09-03 08:00:00,密度,延化120万吨/年催化重整装置,<p>kg/m<sup>3</sup></p>
0.20,ST040023,2025-09-03 08:00:00,苯含量,延化120万吨/年催化重整装置,<p>%</p>
101.6,ST040023,2025-09-03 08:00:00,模拟法辛烷值,延化120万吨/年催化重整装置,
77.36,ST040023,2025-09-03 08:00:00,芳烃含量,延化120万吨/年催化重整装置,<p>%</p>
5.54,ST040023,2025-09-03 08:00:00,正构烷烃,延化120万吨/年催化重整装置,<p>%</p>
0.81,ST040023,2025-09-03 08:00:00,烯烃含量,延化120万吨/年催化重整装置,<p>%</p>
21.57,ST040023,2025-09-03 08:00:00,烷烃含量,延化120万吨/年催化重整装置,<p>%</p>
14.15,ST040023,2025-09-03 08:00:00,异构烷烃,延化120万吨/年催化重整装置,<p>%</p>
1.88,ST040023,2025-09-03 08:00:00,环烷烃含量,延化120万吨/年催化重整装置,<p>%</p>
100.0,ST040023,2025-09-08 08:00:00,研究法辛烷值(RON),延化120万吨/年催化重整装置,
13.82,ST040023,2025-09-10 08:00:00,异构烷烃,延化120万吨/年催化重整装置,<p>%</p>
21.06,ST040023,2025-09-10 08:00:00,烷烃含量,延化120万吨/年催化重整装置,<p>%</p>
0.82,ST040023,2025-09-10 08:00:00,烯烃含量,延化120万吨/年催化重整装置,<p>%</p>
1.75,ST040023,2025-09-10 08:00:00,环烷烃含量,延化120万吨/年催化重整装置,<p>%</p>
100.8,ST040023,2025-09-10 08:00:00,模拟法辛烷值,延化120万吨/年催化重整装置,
0.19,ST040023,2025-09-10 08:00:00,苯含量,延化120万吨/年催化重整装置,<p>%</p>
78.09,ST040023,2025-09-10 08:00:00,芳烃含量,延化120万吨/年催化重整装置,<p>%</p>
819.5,ST040023,2025-09-10 08:00:00,密度,延化120万吨/年催化重整装置,<p>kg/m<sup>3</sup></p>
5.49,ST040023,2025-09-10 08:00:00,正构烷烃,延化120万吨/年催化重整装置,<p>%</p>
100.0,ST040023,2025-09-15 08:00:00,研究法辛烷值(RON),延化120万吨/年催化重整装置,
818.4,ST040023,2025-09-17 08:00:00,密度,延化120万吨/年催化重整装置,<p>kg/m<sup>3</sup></p>
0.18,ST040023,2025-09-17 08:00:00,苯含量,延化120万吨/年催化重整装置,<p>%</p>
101.8,ST040023,2025-09-17 08:00:00,模拟法辛烷值,延化120万吨/年催化重整装置,
77.54,ST040023,2025-09-17 08:00:00,芳烃含量,延化120万吨/年催化重整装置,<p>%</p>
1.76,ST040023,2025-09-17 08:00:00,环烷烃含量,延化120万吨/年催化重整装置,<p>%</p>
0.80,ST040023,2025-09-17 08:00:00,烯烃含量,延化120万吨/年催化重整装置,<p>%</p>
21.42,ST040023,2025-09-17 08:00:00,烷烃含量,延化120万吨/年催化重整装置,<p>%</p>
14.11,ST040023,2025-09-17 08:00:00,异构烷烃,延化120万吨/年催化重整装置,<p>%</p>
5.55,ST040023,2025-09-17 08:00:00,正构烷烃,延化120万吨/年催化重整装置,<p>%</p>
100.0,ST040023,2025-09-22 08:00:00,研究法辛烷值(RON),延化120万吨/年催化重整装置,
5.43,ST040023,2025-09-24 08:00:00,正构烷烃,延化120万吨/年催化重整装置,<p>%</p>
821.5,ST040023,2025-09-24 08:00:00,密度,延化120万吨/年催化重整装置,<p>kg/m<sup>3</sup></p>
13.05,ST040023,2025-09-24 08:00:00,异构烷烃,延化120万吨/年催化重整装置,<p>%</p>
20.42,ST040023,2025-09-24 08:00:00,烷烃含量,延化120万吨/年催化重整装置,<p>%</p>
78.67,ST040023,2025-09-24 08:00:00,芳烃含量,延化120万吨/年催化重整装置,<p>%</p>
1.94,ST040023,2025-09-24 08:00:00,环烷烃含量,延化120万吨/年催化重整装置,<p>%</p>
101.5,ST040023,2025-09-24 08:00:00,模拟法辛烷值,延化120万吨/年催化重整装置,
0.16,ST040023,2025-09-24 08:00:00,苯含量,延化120万吨/年催化重整装置,<p>%</p>
0.79,ST040023,2025-09-24 08:00:00,烯烃含量,延化120万吨/年催化重整装置,<p>%</p>
99.8,ST040023,2025-09-29 08:00:00,研究法辛烷值(RON),延化120万吨/年催化重整装置,
100.4,ST040023,2025-10-01 08:00:00,模拟法辛烷值,延化120万吨/年催化重整装置,
0.17,ST040023,2025-10-01 08:00:00,苯含量,延化120万吨/年催化重整装置,<p>%</p>
21.78,ST040023,2025-10-01 08:00:00,烷烃含量,延化120万吨/年催化重整装置,<p>%</p>
0.78,ST040023,2025-10-01 08:00:00,烯烃含量,延化120万吨/年催化重整装置,<p>%</p>
14.46,ST040023,2025-10-01 08:00:00,异构烷烃,延化120万吨/年催化重整装置,<p>%</p>
77.14,ST040023,2025-10-01 08:00:00,芳烃含量,延化120万吨/年催化重整装置,<p>%</p>
5.35,ST040023,2025-10-01 08:00:00,正构烷烃,延化120万吨/年催化重整装置,<p>%</p>
820.7,ST040023,2025-10-01 08:00:00,密度,延化120万吨/年催化重整装置,<p>kg/m<sup>3</sup></p>
1.97,ST040023,2025-10-01 08:00:00,环烷烃含量,延化120万吨/年催化重整装置,<p>%</p>
99.9,ST040023,2025-10-06 08:00:00,研究法辛烷值(RON),延化120万吨/年催化重整装置,
101.1,ST040023,2025-10-08 08:00:00,模拟法辛烷值,延化120万吨/年催化重整装置,
77.67,ST040023,2025-10-08 08:00:00,芳烃含量,延化120万吨/年催化重整装置,<p>%</p>
0.79,ST040023,2025-10-08 08:00:00,烯烃含量,延化120万吨/年催化重整装置,<p>%</p>
21.51,ST040023,2025-10-08 08:00:00,烷烃含量,延化120万吨/年催化重整装置,<p>%</p>
14.01,ST040023,2025-10-08 08:00:00,异构烷烃,延化120万吨/年催化重整装置,<p>%</p>
5.65,ST040023,2025-10-08 08:00:00,正构烷烃,延化120万吨/年催化重整装置,<p>%</p>
1.85,ST040023,2025-10-08 08:00:00,环烷烃含量,延化120万吨/年催化重整装置,<p>%</p>
0.16,ST040023,2025-10-08 08:00:00,苯含量,延化120万吨/年催化重整装置,<p>%</p>
821.0,ST040023,2025-10-08 08:00:00,密度,延化120万吨/年催化重整装置,<p>kg/m<sup>3</sup></p>
100.0,ST040023,2025-10-13 08:00:00,研究法辛烷值(RON),延化120万吨/年催化重整装置,
20.35,ST040023,2025-10-15 08:00:00,烷烃含量,延化120万吨/年催化重整装置,<p>%</p>
13.43,ST040023,2025-10-15 08:00:00,异构烷烃,延化120万吨/年催化重整装置,<p>%</p>
5.25,ST040023,2025-10-15 08:00:00,正构烷烃,延化120万吨/年催化重整装置,<p>%</p>
0.16,ST040023,2025-10-15 08:00:00,苯含量,延化120万吨/年催化重整装置,<p>%</p>
102.4,ST040023,2025-10-15 08:00:00,模拟法辛烷值,延化120万吨/年催化重整装置,
78.54,ST040023,2025-10-15 08:00:00,芳烃含量,延化120万吨/年催化重整装置,<p>%</p>
1.67,ST040023,2025-10-15 08:00:00,环烷烃含量,延化120万吨/年催化重整装置,<p>%</p>
0.79,ST040023,2025-10-15 08:00:00,烯烃含量,延化120万吨/年催化重整装置,<p>%</p>
821.4,ST040023,2025-10-15 08:00:00,密度,延化120万吨/年催化重整装置,<p>kg/m<sup>3</sup></p>
100.0,ST040023,2025-10-20 08:00:00,研究法辛烷值(RON),延化120万吨/年催化重整装置,
20.17,ST040023,2025-10-22 08:00:00,烷烃含量,延化120万吨/年催化重整装置,<p>%</p>
102.5,ST040023,2025-10-22 08:00:00,模拟法辛烷值,延化120万吨/年催化重整装置,
0.16,ST040023,2025-10-22 08:00:00,苯含量,延化120万吨/年催化重整装置,<p>%</p>
13.29,ST040023,2025-10-22 08:00:00,异构烷烃,延化120万吨/年催化重整装置,<p>%</p>
5.26,ST040023,2025-10-22 08:00:00,正构烷烃,延化120万吨/年催化重整装置,<p>%</p>
1.62,ST040023,2025-10-22 08:00:00,环烷烃含量,延化120万吨/年催化重整装置,<p>%</p>
78.83,ST040023,2025-10-22 08:00:00,芳烃含量,延化120万吨/年催化重整装置,<p>%</p>
0.78,ST040023,2025-10-22 08:00:00,烯烃含量,延化120万吨/年催化重整装置,<p>%</p>
821.9,ST040023,2025-10-22 08:00:00,密度,延化120万吨/年催化重整装置,<p>kg/m<sup>3</sup></p>
100.0,ST040023,2025-10-27 08:00:00,研究法辛烷值(RON),延化120万吨/年催化重整装置,
0.82,ST040023,2025-10-29 08:00:00,烯烃含量,延化120万吨/年催化重整装置,<p>%</p>
5.47,ST040023,2025-10-29 08:00:00,正构烷烃,延化120万吨/年催化重整装置,<p>%</p>
13.16,ST040023,2025-10-29 08:00:00,异构烷烃,延化120万吨/年催化重整装置,<p>%</p>
0.17,ST040023,2025-10-29 08:00:00,苯含量,延化120万吨/年催化重整装置,<p>%</p>
1.64,ST040023,2025-10-29 08:00:00,环烷烃含量,延化120万吨/年催化重整装置,<p>%</p>
78.88,ST040023,2025-10-29 08:00:00,芳烃含量,延化120万吨/年催化重整装置,<p>%</p>
821.6,ST040023,2025-10-29 08:00:00,密度,延化120万吨/年催化重整装置,<p>kg/m<sup>3</sup></p>
101.8,ST040023,2025-10-29 08:00:00,模拟法辛烷值,延化120万吨/年催化重整装置,
20.27,ST040023,2025-10-29 08:00:00,烷烃含量,延化120万吨/年催化重整装置,<p>%</p>
100.0,ST040023,2025-11-03 08:00:00,研究法辛烷值(RON),延化120万吨/年催化重整装置,
20.21,ST040023,2025-11-05 08:00:00,烷烃含量,延化120万吨/年催化重整装置,<p>%</p>
0.79,ST040023,2025-11-05 08:00:00,烯烃含量,延化120万吨/年催化重整装置,<p>%</p>
1.62,ST040023,2025-11-05 08:00:00,环烷烃含量,延化120万吨/年催化重整装置,<p>%</p>
78.91,ST040023,2025-11-05 08:00:00,芳烃含量,延化120万吨/年催化重整装置,<p>%</p>
102.6,ST040023,2025-11-05 08:00:00,模拟法辛烷值,延化120万吨/年催化重整装置,
0.17,ST040023,2025-11-05 08:00:00,苯含量,延化120万吨/年催化重整装置,<p>%</p>
5.38,ST040023,2025-11-05 08:00:00,正构烷烃,延化120万吨/年催化重整装置,<p>%</p>
13.21,ST040023,2025-11-05 08:00:00,异构烷烃,延化120万吨/年催化重整装置,<p>%</p>
821.8,ST040023,2025-11-05 08:00:00,密度,延化120万吨/年催化重整装置,<p>kg/m<sup>3</sup></p>
12.89,ST040023,2025-11-12 08:00:00,异构烷烃,延化120万吨/年催化重整装置,<p>%</p>
19.77,ST040023,2025-11-12 08:00:00,烷烃含量,延化120万吨/年催化重整装置,<p>%</p>
0.81,ST040023,2025-11-12 08:00:00,烯烃含量,延化120万吨/年催化重整装置,<p>%</p>
1.58,ST040023,2025-11-12 08:00:00,环烷烃含量,延化120万吨/年催化重整装置,<p>%</p>
823.3,ST040023,2025-11-12 08:00:00,密度,延化120万吨/年催化重整装置,<p>kg/m<sup>3</sup></p>
102,ST040023,2025-11-12 08:00:00,模拟法辛烷值,延化120万吨/年催化重整装置,
0.16,ST040023,2025-11-12 08:00:00,苯含量,延化120万吨/年催化重整装置,<p>%</p>
79.37,ST040023,2025-11-12 08:00:00,芳烃含量,延化120万吨/年催化重整装置,<p>%</p>
5.30,ST040023,2025-11-12 08:00:00,正构烷烃,延化120万吨/年催化重整装置,<p>%</p>
99.0,ST040023,2025-11-17 08:00:00,研究法辛烷值(RON),延化120万吨/年催化重整装置,
1.56,ST040023,2025-11-19 08:00:00,环烷烃含量,延化120万吨/年催化重整装置,<p>%</p>
822.9,ST040023,2025-11-19 08:00:00,密度,延化120万吨/年催化重整装置,<p>kg/m<sup>3</sup></p>
0.76,ST040023,2025-11-19 08:00:00,烯烃含量,延化120万吨/年催化重整装置,<p>%</p>
18.98,ST040023,2025-11-19 08:00:00,烷烃含量,延化120万吨/年催化重整装置,<p>%</p>
12.47,ST040023,2025-11-19 08:00:00,异构烷烃,延化120万吨/年催化重整装置,<p>%</p>
4.95,ST040023,2025-11-19 08:00:00,正构烷烃,延化120万吨/年催化重整装置,<p>%</p>
0.17,ST040023,2025-11-19 08:00:00,苯含量,延化120万吨/年催化重整装置,<p>%</p>
103.4,ST040023,2025-11-19 08:00:00,模拟法辛烷值,延化120万吨/年催化重整装置,
80.07,ST040023,2025-11-19 08:00:00,芳烃含量,延化120万吨/年催化重整装置,<p>%</p>
99.8,ST040023,2025-11-24 08:00:00,研究法辛烷值(RON),延化120万吨/年催化重整装置,
0.84,ST040023,2025-11-26 08:00:00,烯烃含量,延化120万吨/年催化重整装置,<p>%</p>
20.70,ST040023,2025-11-26 08:00:00,烷烃含量,延化120万吨/年催化重整装置,<p>%</p>
13.62,ST040023,2025-11-26 08:00:00,异构烷烃,延化120万吨/年催化重整装置,<p>%</p>
0.19,ST040023,2025-11-26 08:00:00,苯含量,延化120万吨/年催化重整装置,<p>%</p>
820.8,ST040023,2025-11-26 08:00:00,密度,延化120万吨/年催化重整装置,<p>kg/m<sup>3</sup></p>
78.43,ST040023,2025-11-26 08:00:00,芳烃含量,延化120万吨/年催化重整装置,<p>%</p>
101.7,ST040023,2025-11-26 08:00:00,模拟法辛烷值,延化120万吨/年催化重整装置,
1.58,ST040023,2025-11-26 08:00:00,环烷烃含量,延化120万吨/年催化重整装置,<p>%</p>
5.50,ST040023,2025-11-26 08:00:00,正构烷烃,延化120万吨/年催化重整装置,<p>%</p>
99.7,ST040023,2025-12-01 08:00:00,研究法辛烷值(RON),延化120万吨/年催化重整装置,
5.51,ST040023,2025-12-03 08:00:00,正构烷烃,延化120万吨/年催化重整装置,<p>%</p>
14.38,ST040023,2025-12-03 08:00:00,异构烷烃,延化120万吨/年催化重整装置,<p>%</p>
21.55,ST040023,2025-12-03 08:00:00,烷烃含量,延化120万吨/年催化重整装置,<p>%</p>
0.81,ST040023,2025-12-03 08:00:00,烯烃含量,延化120万吨/年催化重整装置,<p>%</p>
1.66,ST040023,2025-12-03 08:00:00,环烷烃含量,延化120万吨/年催化重整装置,<p>%</p>
77.38,ST040023,2025-12-03 08:00:00,芳烃含量,延化120万吨/年催化重整装置,<p>%</p>
102.0,ST040023,2025-12-03 08:00:00,模拟法辛烷值,延化120万吨/年催化重整装置,
0.25,ST040023,2025-12-03 08:00:00,苯含量,延化120万吨/年催化重整装置,<p>%</p>
817.8,ST040023,2025-12-03 08:00:00,密度,延化120万吨/年催化重整装置,<p>kg/m<sup>3</sup></p>
98.9,ST040023,2025-12-08 08:00:00,研究法辛烷值(RON),延化120万吨/年催化重整装置,
14.17,ST040023,2025-12-10 08:00:00,异构烷烃,延化120万吨/年催化重整装置,<p>%</p>
21.60,ST040023,2025-12-10 08:00:00,烷烃含量,延化120万吨/年催化重整装置,<p>%</p>
0.86,ST040023,2025-12-10 08:00:00,烯烃含量,延化120万吨/年催化重整装置,<p>%</p>
1.68,ST040023,2025-12-10 08:00:00,环烷烃含量,延化120万吨/年催化重整装置,<p>%</p>
102.1,ST040023,2025-12-10 08:00:00,模拟法辛烷值,延化120万吨/年催化重整装置,
0.21,ST040023,2025-12-10 08:00:00,苯含量,延化120万吨/年催化重整装置,<p>%</p>
817.3,ST040023,2025-12-10 08:00:00,密度,延化120万吨/年催化重整装置,<p>kg/m<sup>3</sup></p>
5.75,ST040023,2025-12-10 08:00:00,正构烷烃,延化120万吨/年催化重整装置,<p>%</p>
77.51,ST040023,2025-12-10 08:00:00,芳烃含量,延化120万吨/年催化重整装置,<p>%</p>
99.3,ST040023,2025-12-15 08:00:00,研究法辛烷值(RON),延化120万吨/年催化重整装置,
817.8,ST040023,2025-12-17 08:00:00,密度,延化120万吨/年催化重整装置,<p>kg/m<sup>3</sup></p>
0.20,ST040023,2025-12-17 08:00:00,苯含量,延化120万吨/年催化重整装置,<p>%</p>
102.1,ST040023,2025-12-17 08:00:00,模拟法辛烷值,延化120万吨/年催化重整装置,
77.37,ST040023,2025-12-17 08:00:00,芳烃含量,延化120万吨/年催化重整装置,<p>%</p>
1.68,ST040023,2025-12-17 08:00:00,环烷烃含量,延化120万吨/年催化重整装置,<p>%</p>
0.84,ST040023,2025-12-17 08:00:00,烯烃含量,延化120万吨/年催化重整装置,<p>%</p>
21.58,ST040023,2025-12-17 08:00:00,烷烃含量,延化120万吨/年催化重整装置,<p>%</p>
14.36,ST040023,2025-12-17 08:00:00,异构烷烃,延化120万吨/年催化重整装置,<p>%</p>
5.54,ST040023,2025-12-17 08:00:00,正构烷烃,延化120万吨/年催化重整装置,<p>%</p>
99.0,ST040023,2025-12-22 08:00:00,研究法辛烷值(RON),延化120万吨/年催化重整装置,
0.20,ST040023,2025-12-24 08:00:00,苯含量,延化120万吨/年催化重整装置,<p>%</p>
5.72,ST040023,2025-12-24 08:00:00,正构烷烃,延化120万吨/年催化重整装置,<p>%</p>
14.56,ST040023,2025-12-24 08:00:00,异构烷烃,延化120万吨/年催化重整装置,<p>%</p>
21.94,ST040023,2025-12-24 08:00:00,烷烃含量,延化120万吨/年催化重整装置,<p>%</p>
0.87,ST040023,2025-12-24 08:00:00,烯烃含量,延化120万吨/年催化重整装置,<p>%</p>
1.66,ST040023,2025-12-24 08:00:00,环烷烃含量,延化120万吨/年催化重整装置,<p>%</p>
77.14,ST040023,2025-12-24 08:00:00,芳烃含量,延化120万吨/年催化重整装置,<p>%</p>
818.9,ST040023,2025-12-24 08:00:00,密度,延化120万吨/年催化重整装置,<p>kg/m<sup>3</sup></p>
100.8,ST040023,2025-12-24 08:00:00,模拟法辛烷值,延化120万吨/年催化重整装置,
99.9,ST040023,2025-12-29 08:00:00,研究法辛烷值(RON),延化120万吨/年催化重整装置,
0.21,ST040023,2025-12-31 08:00:00,苯含量,延化120万吨/年催化重整装置,<p>%</p>
817.5,ST040023,2025-12-31 08:00:00,密度,延化120万吨/年催化重整装置,<p>kg/m<sup>3</sup></p>
5.66,ST040023,2025-12-31 08:00:00,正构烷烃,延化120万吨/年催化重整装置,<p>%</p>
77.26,ST040023,2025-12-31 08:00:00,芳烃含量,延化120万吨/年催化重整装置,<p>%</p>
1.60,ST040023,2025-12-31 08:00:00,环烷烃含量,延化120万吨/年催化重整装置,<p>%</p>
21.80,ST040023,2025-12-31 08:00:00,烷烃含量,延化120万吨/年催化重整装置,<p>%</p>
14.54,ST040023,2025-12-31 08:00:00,异构烷烃,延化120万吨/年催化重整装置,<p>%</p>
0.86,ST040023,2025-12-31 08:00:00,烯烃含量,延化120万吨/年催化重整装置,<p>%</p>
100.5,ST040023,2025-12-31 08:00:00,模拟法辛烷值,延化120万吨/年催化重整装置,
99.2,ST040023,2026-01-05 08:00:00,研究法辛烷值(RON),延化120万吨/年催化重整装置,
20.81,ST040023,2026-01-07 08:00:00,烷烃含量,延化120万吨/年催化重整装置,<p>%</p>
0.87,ST040023,2026-01-07 08:00:00,烯烃含量,延化120万吨/年催化重整装置,<p>%</p>
1.47,ST040023,2026-01-07 08:00:00,环烷烃含量,延化120万吨/年催化重整装置,<p>%</p>
78.08,ST040023,2026-01-07 08:00:00,芳烃含量,延化120万吨/年催化重整装置,<p>%</p>
101.2,ST040023,2026-01-07 08:00:00,模拟法辛烷值,延化120万吨/年催化重整装置,
0.20,ST040023,2026-01-07 08:00:00,苯含量,延化120万吨/年催化重整装置,<p>%</p>
819.5,ST040023,2026-01-07 08:00:00,密度,延化120万吨/年催化重整装置,<p>kg/m<sup>3</sup></p>
13.88,ST040023,2026-01-07 08:00:00,异构烷烃,延化120万吨/年催化重整装置,<p>%</p>
5.46,ST040023,2026-01-07 08:00:00,正构烷烃,延化120万吨/年催化重整装置,<p>%</p>
78.11,ST040023,2026-01-14 08:00:00,芳烃含量,延化120万吨/年催化重整装置,<p>%</p>
0.19,ST040023,2026-01-14 08:00:00,苯含量,延化120万吨/年催化重整装置,<p>%</p>
101.7,ST040023,2026-01-14 08:00:00,模拟法辛烷值,延化120万吨/年催化重整装置,
1.53,ST040023,2026-01-14 08:00:00,环烷烃含量,延化120万吨/年催化重整装置,<p>%</p>
0.88,ST040023,2026-01-14 08:00:00,烯烃含量,延化120万吨/年催化重整装置,<p>%</p>
20.97,ST040023,2026-01-14 08:00:00,烷烃含量,延化120万吨/年催化重整装置,<p>%</p>
13.84,ST040023,2026-01-14 08:00:00,异构烷烃,延化120万吨/年催化重整装置,<p>%</p>
5.60,ST040023,2026-01-14 08:00:00,正构烷烃,延化120万吨/年催化重整装置,<p>%</p>
820.1,ST040023,2026-01-14 08:00:00,密度,延化120万吨/年催化重整装置,<p>kg/m<sup>3</sup></p>
100.5,ST040023,2026-01-18 13:00:00,模拟法辛烷值,延化120万吨/年催化重整装置,
99.6,ST040023,2026-01-19 08:00:00,研究法辛烷值(RON),延化120万吨/年催化重整装置,
20.46,ST040023,2026-01-21 08:00:00,烷烃含量,延化120万吨/年催化重整装置,<p>%</p>
13.47,ST040023,2026-01-21 08:00:00,异构烷烃,延化120万吨/年催化重整装置,<p>%</p>
101,ST040023,2026-01-21 08:00:00,模拟法辛烷值,延化120万吨/年催化重整装置,
819.0,ST040023,2026-01-21 08:00:00,密度,延化120万吨/年催化重整装置,<p>kg/m<sup>3</sup></p>
1.69,ST040023,2026-01-21 08:00:00,环烷烃含量,延化120万吨/年催化重整装置,<p>%</p>
78.31,ST040023,2026-01-21 08:00:00,芳烃含量,延化120万吨/年催化重整装置,<p>%</p>
0.18,ST040023,2026-01-21 08:00:00,苯含量,延化120万吨/年催化重整装置,<p>%</p>
0.89,ST040023,2026-01-21 08:00:00,烯烃含量,延化120万吨/年催化重整装置,<p>%</p>
5.30,ST040023,2026-01-21 08:00:00,正构烷烃,延化120万吨/年催化重整装置,<p>%</p>
77.24,ST040023,2026-01-28 08:00:00,芳烃含量,延化120万吨/年催化重整装置,<p>%</p>
819.7,ST040023,2026-01-28 08:00:00,密度,延化120万吨/年催化重整装置,<p>kg/m<sup>3</sup></p>
5.74,ST040023,2026-01-28 08:00:00,正构烷烃,延化120万吨/年催化重整装置,<p>%</p>
14.26,ST040023,2026-01-28 08:00:00,异构烷烃,延化120万吨/年催化重整装置,<p>%</p>
21.74,ST040023,2026-01-28 08:00:00,烷烃含量,延化120万吨/年催化重整装置,<p>%</p>
0.95,ST040023,2026-01-28 08:00:00,烯烃含量,延化120万吨/年催化重整装置,<p>%</p>
100.8,ST040023,2026-01-28 08:00:00,模拟法辛烷值,延化120万吨/年催化重整装置,
0.19,ST040023,2026-01-28 08:00:00,苯含量,延化120万吨/年催化重整装置,<p>%</p>
1.74,ST040023,2026-01-28 08:00:00,环烷烃含量,延化120万吨/年催化重整装置,<p>%</p>
99.0,ST040023,2026-02-02 08:00:00,研究法辛烷值(RON),延化120万吨/年催化重整装置,
5.45,ST040023,2026-02-03 17:00:00,正构烷烃,延化120万吨/年催化重整装置,<p>%</p>
0.93,ST040023,2026-02-03 17:00:00,烯烃含量,延化120万吨/年催化重整装置,<p>%</p>
14.17,ST040023,2026-02-03 17:00:00,异构烷烃,延化120万吨/年催化重整装置,<p>%</p>
77.00,ST040023,2026-02-03 17:00:00,芳烃含量,延化120万吨/年催化重整装置,<p>%</p>
2.07,ST040023,2026-02-03 17:00:00,环烷烃含量,延化120万吨/年催化重整装置,<p>%</p>
99.6,ST040023,2026-02-03 17:00:00,研究法辛烷值(RON),延化120万吨/年催化重整装置,
0.16,ST040023,2026-02-03 17:00:00,苯含量,延化120万吨/年催化重整装置,<p>%</p>
21.69,ST040023,2026-02-03 17:00:00,烷烃含量,延化120万吨/年催化重整装置,<p>%</p>
100,ST040023,2026-02-03 17:00:00,模拟法辛烷值,延化120万吨/年催化重整装置,
20.96,ST040023,2026-02-04 08:00:00,烷烃含量,延化120万吨/年催化重整装置,<p>%</p>
13.61,ST040023,2026-02-04 08:00:00,异构烷烃,延化120万吨/年催化重整装置,<p>%</p>
819.9,ST040023,2026-02-04 08:00:00,密度,延化120万吨/年催化重整装置,<p>kg/m<sup>3</sup></p>
5.54,ST040023,2026-02-04 08:00:00,正构烷烃,延化120万吨/年催化重整装置,<p>%</p>
0.17,ST040023,2026-02-04 08:00:00,苯含量,延化120万吨/年催化重整装置,<p>%</p>
0.92,ST040023,2026-02-04 08:00:00,烯烃含量,延化120万吨/年催化重整装置,<p>%</p>
1.81,ST040023,2026-02-04 08:00:00,环烷烃含量,延化120万吨/年催化重整装置,<p>%</p>
77.82,ST040023,2026-02-04 08:00:00,芳烃含量,延化120万吨/年催化重整装置,<p>%</p>
102.4,ST040023,2026-02-04 08:00:00,模拟法辛烷值,延化120万吨/年催化重整装置,
99.8,ST040023,2026-02-09 08:00:00,研究法辛烷值(RON),延化120万吨/年催化重整装置,
821.9,ST040023,2026-02-11 08:00:00,密度,延化120万吨/年催化重整装置,<p>kg/m<sup>3</sup></p>
0.18,ST040023,2026-02-11 08:00:00,苯含量,延化120万吨/年催化重整装置,<p>%</p>
1.74,ST040023,2026-02-11 08:00:00,环烷烃含量,延化120万吨/年催化重整装置,<p>%</p>
77.97,ST040023,2026-02-11 08:00:00,芳烃含量,延化120万吨/年催化重整装置,<p>%</p>
101.4,ST040023,2026-02-11 08:00:00,模拟法辛烷值,延化120万吨/年催化重整装置,
0.97,ST040023,2026-02-11 08:00:00,烯烃含量,延化120万吨/年催化重整装置,<p>%</p>
20.96,ST040023,2026-02-11 08:00:00,烷烃含量,延化120万吨/年催化重整装置,<p>%</p>
13.71,ST040023,2026-02-11 08:00:00,异构烷烃,延化120万吨/年催化重整装置,<p>%</p>
5.51,ST040023,2026-02-11 08:00:00,正构烷烃,延化120万吨/年催化重整装置,<p>%</p>
99.6,ST040023,2026-02-16 08:00:00,研究法辛烷值(RON),延化120万吨/年催化重整装置,
0.91,ST040023,2026-02-18 08:00:00,烯烃含量,延化120万吨/年催化重整装置,<p>%</p>
20.64,ST040023,2026-02-18 08:00:00,烷烃含量,延化120万吨/年催化重整装置,<p>%</p>
13.50,ST040023,2026-02-18 08:00:00,异构烷烃,延化120万吨/年催化重整装置,<p>%</p>
5.31,ST040023,2026-02-18 08:00:00,正构烷烃,延化120万吨/年催化重整装置,<p>%</p>
820.2,ST040023,2026-02-18 08:00:00,密度,延化120万吨/年催化重整装置,<p>kg/m<sup>3</sup></p>
78.03,ST040023,2026-02-18 08:00:00,芳烃含量,延化120万吨/年催化重整装置,<p>%</p>
102.2,ST040023,2026-02-18 08:00:00,模拟法辛烷值,延化120万吨/年催化重整装置,
0.18,ST040023,2026-02-18 08:00:00,苯含量,延化120万吨/年催化重整装置,<p>%</p>
1.83,ST040023,2026-02-18 08:00:00,环烷烃含量,延化120万吨/年催化重整装置,<p>%</p>
99.6,ST040023,2026-02-23 08:00:00,研究法辛烷值(RON),延化120万吨/年催化重整装置,
5.38,ST040023,2026-02-25 08:00:00,正构烷烃,延化120万吨/年催化重整装置,<p>%</p>
13.43,ST040023,2026-02-25 08:00:00,异构烷烃,延化120万吨/年催化重整装置,<p>%</p>
20.81,ST040023,2026-02-25 08:00:00,烷烃含量,延化120万吨/年催化重整装置,<p>%</p>
0.90,ST040023,2026-02-25 08:00:00,烯烃含量,延化120万吨/年催化重整装置,<p>%</p>
2.00,ST040023,2026-02-25 08:00:00,环烷烃含量,延化120万吨/年催化重整装置,<p>%</p>
77.90,ST040023,2026-02-25 08:00:00,芳烃含量,延化120万吨/年催化重整装置,<p>%</p>
0.19,ST040023,2026-02-25 08:00:00,苯含量,延化120万吨/年催化重整装置,<p>%</p>
820.0,ST040023,2026-02-25 08:00:00,密度,延化120万吨/年催化重整装置,<p>kg/m<sup>3</sup></p>
819.6,ST040023,2026-02-26 16:13:00,密度,延化120万吨/年催化重整装置,<p>kg/m<sup>3</sup></p>
3.74,ST040023,2026-02-26 16:13:00,正构烷烃,延化120万吨/年催化重整装置,<p>%</p>
15.17,ST040023,2026-02-26 16:13:00,异构烷烃,延化120万吨/年催化重整装置,<p>%</p>
75.30,ST040023,2026-02-26 16:13:00,芳烃含量,延化120万吨/年催化重整装置,<p>%</p>
3.23,ST040023,2026-02-26 16:13:00,烯烃含量,延化120万吨/年催化重整装置,<p>%</p>
2.56,ST040023,2026-02-26 16:13:00,环烷烃含量,延化120万吨/年催化重整装置,<p>%</p>
21.47,ST040023,2026-02-26 16:13:00,烷烃含量,延化120万吨/年催化重整装置,<p>%</p>
99.4,ST040023,2026-03-01 16:00:00,模拟法辛烷值,延化120万吨/年催化重整装置,
5.69,ST040023,2026-03-01 16:00:00,正构烷烃,延化120万吨/年催化重整装置,<p>%</p>
78.00,ST040023,2026-03-01 16:00:00,芳烃含量,延化120万吨/年催化重整装置,<p>%</p>
1.08,ST040023,2026-03-01 16:00:00,烯烃含量,延化120万吨/年催化重整装置,<p>%</p>
20.85,ST040023,2026-03-01 16:00:00,烷烃含量,延化120万吨/年催化重整装置,<p>%</p>
13.22,ST040023,2026-03-01 16:00:00,异构烷烃,延化120万吨/年催化重整装置,<p>%</p>
1.94,ST040023,2026-03-01 16:00:00,环烷烃含量,延化120万吨/年催化重整装置,<p>%</p>
99.5,ST040023,2026-03-01 16:00:00,研究法辛烷值(RON),延化120万吨/年催化重整装置,
99.7,ST040023,2026-03-02 08:00:00,研究法辛烷值(RON),延化120万吨/年催化重整装置,
76.58,ST040023,2026-03-02 10:00:00,芳烃含量,延化120万吨/年催化重整装置,<p>%</p>
15.29,ST040023,2026-03-02 10:00:00,异构烷烃,延化120万吨/年催化重整装置,<p>%</p>
0.90,ST040023,2026-03-02 10:00:00,烯烃含量,延化120万吨/年催化重整装置,<p>%</p>
1.80,ST040023,2026-03-02 10:00:00,环烷烃含量,延化120万吨/年催化重整装置,<p>%</p>
5.35,ST040023,2026-03-02 10:00:00,正构烷烃,延化120万吨/年催化重整装置,<p>%</p>
22.44,ST040023,2026-03-02 10:00:00,烷烃含量,延化120万吨/年催化重整装置,<p>%</p>
5.45,ST040023,2026-03-04 08:00:00,正构烷烃,延化120万吨/年催化重整装置,<p>%</p>
0.95,ST040023,2026-03-04 08:00:00,烯烃含量,延化120万吨/年催化重整装置,<p>%</p>
21.16,ST040023,2026-03-04 08:00:00,烷烃含量,延化120万吨/年催化重整装置,<p>%</p>
1.78,ST040023,2026-03-04 08:00:00,环烷烃含量,延化120万吨/年催化重整装置,<p>%</p>
78.87,ST040023,2026-03-04 08:00:00,芳烃含量,延化120万吨/年催化重整装置,<p>%</p>
100.9,ST040023,2026-03-04 08:00:00,模拟法辛烷值,延化120万吨/年催化重整装置,
0.18,ST040023,2026-03-04 08:00:00,苯含量,延化120万吨/年催化重整装置,<p>%</p>
823.3,ST040023,2026-03-04 08:00:00,密度,延化120万吨/年催化重整装置,<p>kg/m<sup>3</sup></p>
13.93,ST040023,2026-03-04 08:00:00,异构烷烃,延化120万吨/年催化重整装置,<p>%</p>
99.6,ST040023,2026-03-09 08:00:00,研究法辛烷值(RON),延化120万吨/年催化重整装置,
2.51,ST040023,2026-03-10 15:00:00,环烷烃含量,延化120万吨/年催化重整装置,<p>%</p>
5.65,ST040023,2026-03-10 15:00:00,正构烷烃,延化120万吨/年催化重整装置,<p>%</p>
0.92,ST040023,2026-03-10 15:00:00,烯烃含量,延化120万吨/年催化重整装置,<p>%</p>
73.21,ST040023,2026-03-10 15:00:00,芳烃含量,延化120万吨/年催化重整装置,<p>%</p>
17.70,ST040023,2026-03-10 15:00:00,异构烷烃,延化120万吨/年催化重整装置,<p>%</p>
25.86,ST040023,2026-03-10 15:00:00,烷烃含量,延化120万吨/年催化重整装置,<p>%</p>
0.21,ST040023,2026-03-11 08:00:00,苯含量,延化120万吨/年催化重整装置,<p>%</p>
100.2,ST040023,2026-03-11 08:00:00,模拟法辛烷值,延化120万吨/年催化重整装置,
77.67,ST040023,2026-03-11 08:00:00,芳烃含量,延化120万吨/年催化重整装置,<p>%</p>
1.94,ST040023,2026-03-11 08:00:00,环烷烃含量,延化120万吨/年催化重整装置,<p>%</p>
5.45,ST040023,2026-03-11 08:00:00,正构烷烃,延化120万吨/年催化重整装置,<p>%</p>
13.69,ST040023,2026-03-11 08:00:00,异构烷烃,延化120万吨/年催化重整装置,<p>%</p>
21.08,ST040023,2026-03-11 08:00:00,烷烃含量,延化120万吨/年催化重整装置,<p>%</p>
0.90,ST040023,2026-03-11 08:00:00,烯烃含量,延化120万吨/年催化重整装置,<p>%</p>
821.6,ST040023,2026-03-11 08:00:00,密度,延化120万吨/年催化重整装置,<p>kg/m<sup>3</sup></p>
99.3,ST040023,2026-03-16 08:00:00,研究法辛烷值(RON),延化120万吨/年催化重整装置,
13.62,ST040023,2026-03-18 08:00:00,异构烷烃,延化120万吨/年催化重整装置,<p>%</p>
21.36,ST040023,2026-03-18 08:00:00,烷烃含量,延化120万吨/年催化重整装置,<p>%</p>
0.94,ST040023,2026-03-18 08:00:00,烯烃含量,延化120万吨/年催化重整装置,<p>%</p>
1.94,ST040023,2026-03-18 08:00:00,环烷烃含量,延化120万吨/年催化重整装置,<p>%</p>
100.5,ST040023,2026-03-18 08:00:00,模拟法辛烷值,延化120万吨/年催化重整装置,
822.7,ST040023,2026-03-18 08:00:00,密度,延化120万吨/年催化重整装置,<p>kg/m<sup>3</sup></p>
5.80,ST040023,2026-03-18 08:00:00,正构烷烃,延化120万吨/年催化重整装置,<p>%</p>
77.70,ST040023,2026-03-18 08:00:00,芳烃含量,延化120万吨/年催化重整装置,<p>%</p>
0.19,ST040023,2026-03-18 08:00:00,苯含量,延化120万吨/年催化重整装置,<p>%</p>
100.0,ST040023,2026-03-23 08:00:00,研究法辛烷值(RON),延化120万吨/年催化重整装置,
5.27,ST040023,2026-03-25 08:00:00,正构烷烃,延化120万吨/年催化重整装置,<p>%</p>
13.55,ST040023,2026-03-25 08:00:00,异构烷烃,延化120万吨/年催化重整装置,<p>%</p>
821.6,ST040023,2026-03-25 08:00:00,密度,延化120万吨/年催化重整装置,<p>kg/m<sup>3</sup></p>
20.70,ST040023,2026-03-25 08:00:00,烷烃含量,延化120万吨/年催化重整装置,<p>%</p>
0.93,ST040023,2026-03-25 08:00:00,烯烃含量,延化120万吨/年催化重整装置,<p>%</p>
77.94,ST040023,2026-03-25 08:00:00,芳烃含量,延化120万吨/年催化重整装置,<p>%</p>
1.88,ST040023,2026-03-25 08:00:00,环烷烃含量,延化120万吨/年催化重整装置,<p>%</p>
101.7,ST040023,2026-03-25 08:00:00,模拟法辛烷值,延化120万吨/年催化重整装置,
0.18,ST040023,2026-03-25 08:00:00,苯含量,延化120万吨/年催化重整装置,<p>%</p>
99.9,ST040023,2026-03-30 08:00:00,研究法辛烷值(RON),延化120万吨/年催化重整装置,
823.2,ST040023,2026-04-01 08:00:00,密度,延化120万吨/年催化重整装置,<p>kg/m<sup>3</sup></p>
0.96,ST040023,2026-04-01 08:00:00,烯烃含量,延化120万吨/年催化重整装置,<p>%</p>
20.98,ST040023,2026-04-01 08:00:00,烷烃含量,延化120万吨/年催化重整装置,<p>%</p>
13.40,ST040023,2026-04-01 08:00:00,异构烷烃,延化120万吨/年催化重整装置,<p>%</p>
1.84,ST040023,2026-04-01 08:00:00,环烷烃含量,延化120万吨/年催化重整装置,<p>%</p>
0.16,ST040023,2026-04-01 08:00:00,苯含量,延化120万吨/年催化重整装置,<p>%</p>
100.7,ST040023,2026-04-01 08:00:00,模拟法辛烷值,延化120万吨/年催化重整装置,
78.10,ST040023,2026-04-01 08:00:00,芳烃含量,延化120万吨/年催化重整装置,<p>%</p>
5.74,ST040023,2026-04-01 08:00:00,正构烷烃,延化120万吨/年催化重整装置,<p>%</p>
0.18,ST040023,2026-04-08 08:00:00,苯含量,延化120万吨/年催化重整装置,<p>%</p>
821.9,ST040023,2026-04-08 08:00:00,密度,延化120万吨/年催化重整装置,<p>kg/m<sup>3</sup></p>
101.4,ST040023,2026-04-08 08:00:00,模拟法辛烷值,延化120万吨/年催化重整装置,
77.64,ST040023,2026-04-08 08:00:00,芳烃含量,延化120万吨/年催化重整装置,<p>%</p>
2.02,ST040023,2026-04-08 08:00:00,环烷烃含量,延化120万吨/年催化重整装置,<p>%</p>
20.94,ST040023,2026-04-08 08:00:00,烷烃含量,延化120万吨/年催化重整装置,<p>%</p>
13.38,ST040023,2026-04-08 08:00:00,异构烷烃,延化120万吨/年催化重整装置,<p>%</p>
5.54,ST040023,2026-04-08 08:00:00,正构烷烃,延化120万吨/年催化重整装置,<p>%</p>
0.94,ST040023,2026-04-08 08:00:00,烯烃含量,延化120万吨/年催化重整装置,<p>%</p>
99.6,ST040023,2026-04-13 08:00:00,研究法辛烷值(RON),延化120万吨/年催化重整装置,
0.17,ST040023,2026-04-15 08:00:00,苯含量,延化120万吨/年催化重整装置,<p>%</p>
0.97,ST040023,2026-04-15 08:00:00,烯烃含量,延化120万吨/年催化重整装置,<p>%</p>
99.8,ST040023,2026-04-15 08:00:00,模拟法辛烷值,延化120万吨/年催化重整装置,
77.52,ST040023,2026-04-15 08:00:00,芳烃含量,延化120万吨/年催化重整装置,<p>%</p>
822.2,ST040023,2026-04-15 08:00:00,密度,延化120万吨/年催化重整装置,<p>kg/m<sup>3</sup></p>
21.56,ST040023,2026-04-15 08:00:00,烷烃含量,延化120万吨/年催化重整装置,<p>%</p>
13.65,ST040023,2026-04-15 08:00:00,异构烷烃,延化120万吨/年催化重整装置,<p>%</p>
5.92,ST040023,2026-04-15 08:00:00,正构烷烃,延化120万吨/年催化重整装置,<p>%</p>
1.99,ST040023,2026-04-15 08:00:00,环烷烃含量,延化120万吨/年催化重整装置,<p>%</p>
99.2,ST040023,2026-04-20 08:00:00,研究法辛烷值(RON),延化120万吨/年催化重整装置,
821.0,ST040023,2026-04-22 08:00:00,密度,延化120万吨/年催化重整装置,<p>kg/m<sup>3</sup></p>
15.00,ST040023,2026-04-22 08:00:00,异构烷烃,延化120万吨/年催化重整装置,<p>%</p>
23.73,ST040023,2026-04-22 08:00:00,烷烃含量,延化120万吨/年催化重整装置,<p>%</p>
6.02,ST040023,2026-04-22 08:00:00,正构烷烃,延化120万吨/年催化重整装置,<p>%</p>
0.16,ST040023,2026-04-22 08:00:00,苯含量,延化120万吨/年催化重整装置,<p>%</p>
99.6,ST040023,2026-04-22 08:00:00,模拟法辛烷值,延化120万吨/年催化重整装置,
75.38,ST040023,2026-04-22 08:00:00,芳烃含量,延化120万吨/年催化重整装置,<p>%</p>
2.71,ST040023,2026-04-22 08:00:00,环烷烃含量,延化120万吨/年催化重整装置,<p>%</p>
0.90,ST040023,2026-04-22 08:00:00,烯烃含量,延化120万吨/年催化重整装置,<p>%</p>
99.8,ST040023,2026-04-27 08:00:00,研究法辛烷值(RON),延化120万吨/年催化重整装置,
821.9,ST040023,2026-04-29 08:00:00,密度,延化120万吨/年催化重整装置,<p>kg/m<sup>3</sup></p>
5.45,ST040023,2026-04-29 08:00:00,正构烷烃,延化120万吨/年催化重整装置,<p>%</p>
0.17,ST040023,2026-04-29 08:00:00,苯含量,延化120万吨/年催化重整装置,<p>%</p>
20.74,ST040023,2026-04-29 08:00:00,烷烃含量,延化120万吨/年催化重整装置,<p>%</p>
0.90,ST040023,2026-04-29 08:00:00,烯烃含量,延化120万吨/年催化重整装置,<p>%</p>
1.90,ST040023,2026-04-29 08:00:00,环烷烃含量,延化120万吨/年催化重整装置,<p>%</p>
101.8,ST040023,2026-04-29 08:00:00,模拟法辛烷值,延化120万吨/年催化重整装置,
78.01,ST040023,2026-04-29 08:00:00,芳烃含量,延化120万吨/年催化重整装置,<p>%</p>
13.39,ST040023,2026-04-29 08:00:00,异构烷烃,延化120万吨/年催化重整装置,<p>%</p>
